filename,width,height,class,xmin,ymin,xmax,ymax
transistor_3_0.jpeg,225,225,transistor,2,1,220,225
transistor_2_19.jpeg,225,225,transistor,46,21,188,208
transistor_1_41.jpeg,225,225,transistor,30,42,74,89
transistor_1_41.jpeg,225,225,transistor,85,18,137,83
transistor_1_41.jpeg,225,225,transistor,125,66,206,112
transistor_1_41.jpeg,225,225,transistor,81,98,154,163
transistor_1_41.jpeg,225,225,transistor,87,152,222,206
transistor_2_16.jpeg,225,225,transistor,108,21,184,99
transistor_2_20.jpeg,220,219,transistor,4,33,216,176
transistor_2_29.jpeg,225,225,transistor,60,77,162,154
transistor_2_43.jpeg,225,225,transistor,18,26,203,187
transistor_1_18.jpeg,259,194,transistor,184,51,232,94
transistor_1_18.jpeg,259,194,transistor,109,63,163,121
transistor_2_11.jpeg,230,219,transistor,113,1,229,102
transistor_1_23.jpeg,255,198,transistor,41,41,203,175
transistor_1_33.jpeg,224,224,transistor,58,52,160,180
transistor_1_3.jpeg,225,225,transistor,38,16,189,208
transistor_1_9.jpeg,225,225,transistor,18,49,121,205
transistor_1_9.jpeg,225,225,transistor,108,10,213,174
transistor_2_14.jpeg,225,225,transistor,10,10,209,214
transistor_1_21.jpeg,225,225,transistor,42,53,190,171
transistor_1_5.jpeg,225,225,transistor,27,24,184,179
transistor_1_34.jpeg,259,194,transistor,127,42,180,100
transistor_1_34.jpeg,259,194,transistor,67,37,124,106
transistor_2_32.jpeg,288,175,transistor,15,10,138,137
transistor_2_48.jpeg,224,224,transistor,50,19,172,213
transistor_3_18.jpeg,225,225,transistor,94,12,190,120
transistor_3_24.jpeg,225,225,transistor,14,62,95,149
transistor_3_24.jpeg,225,225,transistor,127,52,206,139
transistor_3_3.jpeg,259,194,transistor,74,33,192,178
transistor_1_11.jpeg,224,224,transistor,101,12,219,103
transistor_2_50.jpeg,259,194,transistor,1,50,179,190
transistor_3_22.jpeg,225,225,transistor,13,46,197,201
transistor_1_42.jpeg,217,233,transistor,31,40,190,192
transistor_2_2.jpeg,259,194,transistor,73,31,193,179
transistor_1_14.jpeg,260,194,transistor,67,33,185,165
transistor_2_49.jpeg,225,225,transistor,12,47,74,109
transistor_2_49.jpeg,225,225,transistor,82,39,166,103
transistor_2_4.jpeg,225,225,transistor,109,21,199,105
transistor_2_30.jpeg,281,179,transistor,37,59,192,179
transistor_1_15.jpeg,225,225,transistor,11,13,215,213
transistor_1_12.jpeg,225,225,transistor,2,7,225,210
transistor_2_0.jpeg,225,225,transistor,36,40,200,193
transistor_2_35.jpeg,225,225,transistor,6,109,59,200
transistor_2_35.jpeg,225,225,transistor,151,25,221,76
transistor_2_35.jpeg,225,225,transistor,149,86,189,128
transistor_2_35.jpeg,225,225,transistor,111,98,152,135
transistor_2_35.jpeg,225,225,transistor,66,109,113,190
transistor_2_24.jpeg,279,181,transistor,13,17,254,165
transistor_1_35.jpeg,225,225,transistor,42,48,156,194
transistor_1_43.jpeg,253,199,transistor,117,4,183,87
transistor_1_8.jpeg,225,225,transistor,35,23,185,183
transistor_2_3.jpeg,225,225,transistor,14,12,216,212
transistor_2_45.jpeg,225,225,transistor,76,20,146,203
transistor_2_26.jpeg,225,225,transistor,16,66,97,146
transistor_2_26.jpeg,225,225,transistor,125,48,204,135
transistor_1_38.jpeg,225,225,transistor,61,76,161,152
transistor_1_0.jpeg,179,282,transistor,30,33,171,257
transistor_1_1.jpeg,225,225,transistor,38,29,149,139
transistor_3_1.jpeg,225,225,transistor,36,40,199,191
transistor_1_47.jpeg,288,175,transistor,12,8,146,146
transistor_1_37.jpeg,225,225,transistor,34,35,193,172
transistor_3_5.jpeg,225,225,transistor,46,47,177,183
transistor_1_19.jpeg,225,225,transistor,54,25,175,214
transistor_3_2.jpeg,225,225,transistor,26,8,197,214
transistor_2_46.jpeg,225,225,transistor,33,58,82,162
transistor_2_46.jpeg,225,225,transistor,97,38,133,82
transistor_2_46.jpeg,225,225,transistor,135,73,178,113
transistor_2_46.jpeg,225,225,transistor,96,98,134,142
transistor_2_46.jpeg,225,225,transistor,86,140,204,188
transistor_1_13.jpeg,225,225,transistor,8,17,221,206
transistor_2_8.jpeg,224,224,transistor,36,39,164,195
transistor_2_41.jpeg,225,225,transistor,15,84,134,178
transistor_2_41.jpeg,225,225,transistor,142,46,211,154
transistor_3_16.jpeg,225,225,transistor,99,21,193,94
transistor_3_14.jpeg,232,217,transistor,40,32,193,190
transistor_2_44.jpeg,179,282,transistor,30,26,173,243
transistor_1_2.jpeg,225,225,transistor,41,27,163,138
transistor_1_27.jpeg,224,224,transistor,20,35,203,196
transistor_1_28.jpeg,259,194,transistor,75,32,191,174
transistor_2_22.jpeg,225,225,transistor,111,23,189,107
transistor_2_39.jpeg,225,225,transistor,67,60,162,153
transistor_2_36.jpeg,259,194,transistor,35,28,227,169
transistor_2_38.jpeg,252,200,transistor,45,44,194,170
transistor_3_9.jpeg,225,225,transistor,15,23,210,208
transistor_2_42.jpeg,287,176,transistor,11,10,111,125
transistor_1_22.jpeg,225,225,transistor,9,12,213,218
transistor_2_25.jpeg,225,225,transistor,15,44,200,198
transistor_1_36.jpeg,224,224,transistor,37,39,163,191
transistor_2_6.jpeg,225,225,transistor,15,22,209,201
transistor_2_9.jpeg,225,225,transistor,15,41,213,173
transistor_2_40.jpeg,225,225,transistor,9,30,213,193
transistor_1_16.jpeg,225,225,transistor,57,58,127,126
transistor_3_11.jpeg,225,225,transistor,10,10,209,216
transistor_3_12.jpeg,225,225,transistor,26,29,200,203
transistor_1_29.jpeg,225,225,transistor,34,36,109,124
transistor_1_29.jpeg,225,225,transistor,114,34,190,138
transistor_1_40.jpeg,225,225,transistor,141,45,209,158
transistor_1_40.jpeg,225,225,transistor,13,86,131,190
transistor_2_21.jpeg,225,225,transistor,30,6,194,221
transistor_2_13.jpeg,251,201,transistor,45,25,203,185
transistor_3_4.jpeg,225,225,transistor,15,15,213,209
transistor_3_17.jpeg,225,225,transistor,107,26,191,107
transistor_2_23.jpeg,225,225,transistor,35,35,194,172
transistor_1_24.jpeg,225,225,transistor,42,45,183,173
transistor_1_44.jpeg,225,225,transistor,76,25,149,200
transistor_2_28.jpeg,287,176,transistor,77,9,192,169
transistor_1_50.jpeg,225,225,transistor,49,44,104,97
transistor_1_50.jpeg,225,225,transistor,32,87,188,132
transistor_1_50.jpeg,225,225,transistor,87,133,167,200
transistor_1_49.jpeg,224,224,transistor,29,58,171,158
transistor_2_33.jpeg,225,225,transistor,41,41,187,171
transistor_1_31.jpeg,225,225,transistor,70,65,170,156
transistor_1_31.jpeg,225,225,transistor,62,63,112,104
transistor_3_15.jpeg,251,200,transistor,5,5,251,197
transistor_1_45.jpeg,178,182,transistor,23,16,90,79
transistor_1_4.jpeg,224,224,transistor,24,8,200,212
transistor_2_27.jpeg,225,225,transistor,123,67,178,126
transistor_2_27.jpeg,225,225,transistor,73,38,132,95
transistor_2_34.jpeg,225,225,transistor,50,14,127,99
transistor_1_7.jpeg,225,225,transistor,102,6,225,124
transistor_2_5.jpeg,225,225,transistor,28,7,197,214
transistor_1_10.jpeg,225,225,transistor,19,11,195,215
transistor_2_37.jpeg,225,225,transistor,74,67,151,163
transistor_2_1.jpeg,100,100,transistor,1,1,100,96
transistor_3_20.jpeg,224,224,transistor,20,34,198,199
transistor_1_6.jpeg,225,225,transistor,51,10,132,105
transistor_2_17.jpeg,225,225,transistor,93,10,186,109
transistor_1_17.jpeg,225,225,transistor,30,58,214,172
transistor_2_12.jpeg,232,217,transistor,36,32,193,202
transistor_2_7.jpeg,225,225,transistor,43,46,180,178
transistor_1_39.jpeg,254,198,transistor,51,54,195,132
transistor_1_48.jpeg,287,176,transistor,75,10,197,164
transistor_1_25.jpeg,225,225,transistor,8,6,217,220
transistor_1_32.jpeg,232,217,transistor,110,30,197,109
transistor_3_7.jpeg,225,225,transistor,15,42,211,176
transistor_1_30.jpeg,225,225,transistor,29,40,202,172
transistor_3_13.jpeg,230,219,transistor,126,1,230,101
transistor_3_23.jpeg,225,225,transistor,38,38,193,170
transistor_3_25.jpeg,279,181,transistor,12,16,254,164
transistor_2_10.jpeg,282,178,transistor,11,11,271,176
transistor_2_18.jpeg,224,224,transistor,18,34,200,197
transistor_2_31.jpeg,281,180,transistor,10,12,192,169
transistor_3_8.jpeg,225,225,transistor,19,25,198,215
transistor_3_19.jpeg,225,225,transistor,32,5,196,221
transistor_3_21.jpeg,225,225,transistor,48,22,186,212
transistor_3_10.jpeg,224,224,transistor,37,39,164,190
transistor_2_15.jpeg,251,200,transistor,7,2,248,185
transistor_2_47.jpeg,125,125,transistor,41,35,89,89
transistor_1_46.jpeg,220,179,transistor,71,45,99,158
transistor_1_46.jpeg,220,179,transistor,97,38,169,149
transistor_3_6.jpeg,282,178,transistor,15,11,272,169
transistor_1_20.jpeg,216,233,transistor,108,25,197,110
Electrolytic-capacitor1101.jpg,256,128,Electrolytic Capacitor,6,2,248,119
Electrolytic-capacitor305.jpg,256,128,Electrolytic-Capacitor,36,28,256,84
Electrolytic-capacitor1002.jpg,256,128,Electrolytic Capacitor,16,1,69,120
Electrolytic-capacitor1002.jpg,256,128,Electrolytic Capacitor,77,6,186,99
Electrolytic-capacitor1002.jpg,256,128,Electrolytic Capacitor,189,18,248,124
Electrolytic-capacitor117.jpg,256,128,Electrolytic Capacitor,79,33,195,128
Electrolytic-capacitor825.jpg,256,128,Electrolytic-Capacitor,6,1,69,68
Electrolytic-capacitor825.jpg,256,128,Electrolytic-Capacitor,76,19,126,71
Electrolytic-capacitor825.jpg,256,128,Electrolytic-Capacitor,132,23,172,70
Electrolytic-capacitor825.jpg,256,128,Electrolytic-Capacitor,181,35,256,66
Electrolytic-capacitor825.jpg,256,128,Electrolytic-Capacitor,3,90,50,127
Electrolytic-capacitor825.jpg,256,128,Electrolytic-Capacitor,61,95,100,126
Electrolytic-capacitor825.jpg,256,128,Electrolytic-Capacitor,107,99,169,128
Electrolytic-capacitor825.jpg,256,128,Electrolytic-Capacitor,171,102,197,121
Electrolytic-capacitor637.jpg,256,128,Electrolytic-Capacitor,20,14,146,65
Electrolytic-capacitor637.jpg,256,128,Electrolytic-Capacitor,142,1,244,99
Electrolytic-capacitor637.jpg,256,128,Electrolytic-Capacitor,37,58,142,128
Electrolytic-capacitor1148.jpg,256,128,Electrolytic Capacitor,145,2,171,12
Electrolytic-capacitor1148.jpg,256,128,Electrolytic Capacitor,125,8,229,43
Electrolytic-capacitor1148.jpg,256,128,Electrolytic Capacitor,119,50,216,66
Electrolytic-capacitor1148.jpg,256,128,Electrolytic Capacitor,22,11,95,35
Electrolytic-capacitor1148.jpg,256,128,Electrolytic Capacitor,48,26,88,67
Electrolytic-capacitor1148.jpg,256,128,Electrolytic Capacitor,3,50,40,71
Electrolytic-capacitor1148.jpg,256,128,Electrolytic Capacitor,53,75,103,98
Electrolytic-capacitor1148.jpg,256,128,Electrolytic Capacitor,73,95,157,128
Electrolytic-capacitor1148.jpg,256,128,Electrolytic Capacitor,159,68,255,128
Electrolytic-capacitor1163.jpg,256,128,Electrolytic Capacitor,69,15,188,115
Electrolytic-capacitor303.jpg,256,128,Electrolytic-Capacitor,18,5,107,56
Electrolytic-capacitor303.jpg,256,128,Electrolytic-Capacitor,100,48,248,67
Electrolytic-capacitor303.jpg,256,128,Electrolytic-Capacitor,52,60,115,94
Electrolytic-capacitor510.jpg,256,128,Electrolytic-Capacitor,170,20,253,67
Electrolytic-capacitor510.jpg,256,128,Electrolytic-Capacitor,189,83,235,107
Electrolytic-capacitor510.jpg,256,128,Electrolytic-Capacitor,142,70,185,96
Electrolytic-capacitor510.jpg,256,128,Electrolytic-Capacitor,69,58,143,91
Electrolytic-capacitor157.jpg,256,128,Electrolytic-Capacitor,6,48,253,80
Electrolytic-capacitor110.jpg,256,128,Electrolytic Capacitor,3,35,49,51
Electrolytic-capacitor110.jpg,256,128,Electrolytic Capacitor,55,25,103,49
Electrolytic-capacitor110.jpg,256,128,Electrolytic Capacitor,111,9,185,58
Electrolytic-capacitor110.jpg,256,128,Electrolytic Capacitor,185,1,256,55
Electrolytic-capacitor110.jpg,256,128,Electrolytic Capacitor,15,56,45,73
Electrolytic-capacitor110.jpg,256,128,Electrolytic Capacitor,69,53,133,73
Electrolytic-capacitor110.jpg,256,128,Electrolytic Capacitor,107,86,185,100
Electrolytic-capacitor110.jpg,256,128,Electrolytic Capacitor,122,104,193,118
Electrolytic-capacitor110.jpg,256,128,Electrolytic Capacitor,50,111,106,127
Electrolytic-capacitor184.jpg,256,128,Electrolytic-Capacitor,31,16,227,122
Electrolytic-capacitor859.jpg,256,128,Electrolytic-Capacitor,8,57,256,91
Electrolytic-capacitor1081.jpg,256,128,Electrolytic Capacitor,101,46,170,128
Electrolytic-capacitor175.jpg,256,128,Electrolytic-Capacitor,18,4,231,128
Electrolytic-capacitor821.jpg,256,128,Electrolytic-Capacitor,21,1,247,120
Electrolytic-capacitor1109.jpg,256,128,Electrolytic Capacitor,11,1,252,127
Electrolytic-capacitor183.jpg,256,128,Electrolytic-Capacitor,80,18,142,75
Electrolytic-capacitor183.jpg,256,128,Electrolytic-Capacitor,102,51,203,107
Electrolytic-capacitor243.jpg,256,128,Electrolytic-Capacitor,13,1,245,125
Electrolytic-capacitor639.jpg,256,128,Electrolytic-Capacitor,11,22,249,82
Electrolytic-capacitor487.jpg,256,128,Electrolytic-Capacitor,28,7,212,76
Electrolytic-capacitor487.jpg,256,128,Electrolytic-Capacitor,69,44,246,120
Electrolytic-capacitor851.jpg,256,128,Electrolytic-Capacitor,48,5,242,128
Electrolytic-capacitor480.jpg,256,128,Electrolytic-Capacitor,7,17,228,116
Electrolytic-capacitor1006.jpg,256,128,Electrolytic Capacitor,2,6,245,88
Electrolytic-capacitor647.jpg,256,128,Electrolytic-Capacitor,7,30,254,103
Electrolytic-capacitor492.jpg,256,128,Electrolytic-Capacitor,45,2,209,127
Electrolytic-capacitor169.jpg,256,128,Electrolytic-Capacitor,47,16,207,111
Electrolytic-capacitor120.jpg,256,128,Electrolytic Capacitor,13,27,242,89
Electrolytic-capacitor252.jpg,256,128,Electrolytic-Capacitor,27,2,234,127
Electrolytic-capacitor856.jpg,256,128,Electrolytic-Capacitor,23,9,95,77
Electrolytic-capacitor856.jpg,256,128,Electrolytic-Capacitor,95,21,158,68
Electrolytic-capacitor640.jpg,256,128,Electrolytic-Capacitor,20,1,243,49
Electrolytic-capacitor854.jpg,256,128,Electrolytic-Capacitor,1,42,151,122
Electrolytic-capacitor1096.jpg,256,128,Electrolytic Capacitor,56,1,135,128
Electrolytic-capacitor1096.jpg,256,128,Electrolytic Capacitor,152,6,227,100
Electrolytic-capacitor653.jpg,256,128,Electrolytic-Capacitor,130,68,167,96
Electrolytic-capacitor653.jpg,256,128,Electrolytic-Capacitor,43,21,165,77
Electrolytic-capacitor653.jpg,256,128,Electrolytic-Capacitor,68,72,117,113
Electrolytic-capacitor631.jpg,256,128,Electrolytic-Capacitor,37,4,108,77
Electrolytic-capacitor631.jpg,256,128,Electrolytic-Capacitor,95,16,170,90
Electrolytic-capacitor631.jpg,256,128,Electrolytic-Capacitor,153,25,234,108
Electrolytic-capacitor496.jpg,256,128,Electrolytic-Capacitor,16,3,251,52
Electrolytic-capacitor496.jpg,256,128,Electrolytic-Capacitor,9,49,249,107
Electrolytic-capacitor841.jpg,256,128,Electrolytic-Capacitor,61,23,186,124
Electrolytic-capacitor513.jpg,256,128,Electrolytic-Capacitor,3,46,256,83
Electrolytic-capacitor309.jpg,256,128,Electrolytic-Capacitor,2,11,248,127
Electrolytic-capacitor124.jpg,256,128,Electrolytic Capacitor,15,6,129,101
Electrolytic-capacitor124.jpg,256,128,Electrolytic Capacitor,139,73,177,123
Electrolytic-capacitor124.jpg,256,128,Electrolytic Capacitor,182,45,237,97
Electrolytic-capacitor848.jpg,256,128,Electrolytic-Capacitor,60,20,127,111
Electrolytic-capacitor848.jpg,256,128,Electrolytic-Capacitor,132,33,200,109
Electrolytic-capacitor645.jpg,256,128,Electrolytic-Capacitor,89,6,152,128
Electrolytic-capacitor1157.jpg,256,128,Electrolytic Capacitor,17,19,256,114
Electrolytic-capacitor495.jpg,256,128,Electrolytic-Capacitor,59,20,118,128
Electrolytic-capacitor1094.jpg,256,128,Electrolytic Capacitor,43,33,236,108
Electrolytic-capacitor1007.jpg,256,128,Electrolytic Capacitor,2,1,256,52
Electrolytic-capacitor1007.jpg,256,128,Electrolytic Capacitor,5,59,252,101
Electrolytic-capacitor1007.jpg,256,128,Electrolytic Capacitor,14,104,246,126
Electrolytic-capacitor504.jpg,256,128,Electrolytic-Capacitor,47,85,101,128
Electrolytic-capacitor504.jpg,256,128,Electrolytic-Capacitor,89,72,252,117
Electrolytic-capacitor504.jpg,256,128,Electrolytic-Capacitor,166,24,252,51
Electrolytic-capacitor504.jpg,256,128,Electrolytic-Capacitor,148,56,256,71
Electrolytic-capacitor504.jpg,256,128,Electrolytic-Capacitor,35,21,77,66
Electrolytic-capacitor504.jpg,256,128,Electrolytic-Capacitor,92,24,143,61
Electrolytic-capacitor166.jpg,256,128,Electrolytic-Capacitor,80,10,177,128
Electrolytic-capacitor628.jpg,256,128,Electrolytic-Capacitor,24,4,230,117
Electrolytic-capacitor1008.jpg,256,128,Electrolytic Capacitor,2,3,254,128
Electrolytic-capacitor101.jpg,256,128,Electrolytic Capacitor,28,26,72,87
Electrolytic-capacitor101.jpg,256,128,Electrolytic Capacitor,62,12,99,33
Electrolytic-capacitor101.jpg,256,128,Electrolytic Capacitor,101,26,133,72
Electrolytic-capacitor101.jpg,256,128,Electrolytic Capacitor,135,19,167,76
Electrolytic-capacitor101.jpg,256,128,Electrolytic Capacitor,169,13,202,80
Electrolytic-capacitor101.jpg,256,128,Electrolytic Capacitor,206,23,245,88
Electrolytic-capacitor824.jpg,256,128,Electrolytic-Capacitor,1,1,256,107
Electrolytic-capacitor644.jpg,256,128,Electrolytic-Capacitor,189,30,237,96
Electrolytic-capacitor644.jpg,256,128,Electrolytic-Capacitor,131,30,189,78
Electrolytic-capacitor644.jpg,256,128,Electrolytic-Capacitor,75,44,126,80
Electrolytic-capacitor644.jpg,256,128,Electrolytic-Capacitor,41,80,114,111
Electrolytic-capacitor251.jpg,256,128,Electrolytic-Capacitor,75,10,178,122
Electrolytic-capacitor508.jpg,256,128,Electrolytic-Capacitor,160,44,252,63
Electrolytic-capacitor508.jpg,256,128,Electrolytic-Capacitor,108,40,214,110
Electrolytic-capacitor508.jpg,256,128,Electrolytic-Capacitor,1,60,97,83
Electrolytic-capacitor1114.jpg,256,128,Electrolytic Capacitor,12,39,216,100
Electrolytic-capacitor244.jpg,256,128,Electrolytic-Capacitor,91,40,105,87
Electrolytic-capacitor244.jpg,256,128,Electrolytic-Capacitor,108,42,125,86
Electrolytic-capacitor858.jpg,256,128,Electrolytic-Capacitor,18,45,64,81
Electrolytic-capacitor858.jpg,256,128,Electrolytic-Capacitor,112,49,156,80
Electrolytic-capacitor858.jpg,256,128,Electrolytic-Capacitor,162,55,206,95
Electrolytic-capacitor1120.jpg,256,128,Electrolytic Capacitor,38,40,239,79
Electrolytic-capacitor248.jpg,256,128,Electrolytic-Capacitor,7,14,194,31
Electrolytic-capacitor248.jpg,256,128,Electrolytic-Capacitor,13,34,169,44
Electrolytic-capacitor248.jpg,256,128,Electrolytic-Capacitor,15,45,183,56
Electrolytic-capacitor248.jpg,256,128,Electrolytic-Capacitor,18,57,175,67
Electrolytic-capacitor248.jpg,256,128,Electrolytic-Capacitor,24,69,172,75
Electrolytic-capacitor248.jpg,256,128,Electrolytic-Capacitor,190,46,218,83
Electrolytic-capacitor1159.jpg,256,128,Electrolytic Capacitor,27,6,77,92
Electrolytic-capacitor1159.jpg,256,128,Electrolytic Capacitor,135,29,181,88
Electrolytic-capacitor1159.jpg,256,128,Electrolytic Capacitor,188,85,214,118
Electrolytic-capacitor1159.jpg,256,128,Electrolytic Capacitor,31,105,58,128
Electrolytic-capacitor1104.jpg,256,128,Electrolytic Capacitor,17,6,143,128
Electrolytic-capacitor1104.jpg,256,128,Electrolytic Capacitor,125,6,248,128
Electrolytic-capacitor1113.jpg,256,128,Electrolytic Capacitor,39,28,256,70
Electrolytic-capacitor156.jpg,256,128,Electrolytic-Capacitor,21,20,93,119
Electrolytic-capacitor156.jpg,256,128,Electrolytic-Capacitor,104,43,163,120
Electrolytic-capacitor156.jpg,256,128,Electrolytic-Capacitor,166,24,235,128
Electrolytic-capacitor620.jpg,256,128,Electrolytic-Capacitor,103,20,166,104
Electrolytic-capacitor867.jpg,256,128,Electrolytic-Capacitor,112,23,192,114
Electrolytic-capacitor1086.jpg,256,128,Electrolytic Capacitor,44,10,223,122
Electrolytic-capacitor633.jpg,256,128,Electrolytic-Capacitor,59,35,256,76
Electrolytic-capacitor860.jpg,256,128,Electrolytic-Capacitor,15,25,247,115
Electrolytic-capacitor655.jpg,256,128,Electrolytic-Capacitor,56,50,228,95
Electrolytic-capacitor638.jpg,256,128,Electrolytic-Capacitor,10,1,253,24
Electrolytic-capacitor499.jpg,256,128,Electrolytic-Capacitor,16,20,256,112
Electrolytic-capacitor479.jpg,256,128,Electrolytic-Capacitor,17,29,116,97
Electrolytic-capacitor479.jpg,256,128,Electrolytic-Capacitor,109,26,241,116
Electrolytic-capacitor1000.jpg,256,128,Electrolytic Capacitor,44,26,140,128
Electrolytic-capacitor1000.jpg,256,128,Electrolytic Capacitor,116,5,214,101
Electrolytic-capacitor836.jpg,256,128,Electrolytic-Capacitor,46,3,233,128
Electrolytic-capacitor1085.jpg,256,128,Electrolytic Capacitor,3,46,71,75
Electrolytic-capacitor1085.jpg,256,128,Electrolytic Capacitor,118,77,155,119
Electrolytic-capacitor1085.jpg,256,128,Electrolytic Capacitor,159,64,228,97
Electrolytic-capacitor1085.jpg,256,128,Electrolytic Capacitor,95,2,159,32
Electrolytic-capacitor1085.jpg,256,128,Electrolytic Capacitor,49,21,109,57
Electrolytic-capacitor635.jpg,256,128,Electrolytic-Capacitor,97,2,232,26
Electrolytic-capacitor635.jpg,256,128,Electrolytic-Capacitor,21,20,110,51
Electrolytic-capacitor635.jpg,256,128,Electrolytic-Capacitor,119,25,170,57
Electrolytic-capacitor635.jpg,256,128,Electrolytic-Capacitor,193,33,246,89
Electrolytic-capacitor635.jpg,256,128,Electrolytic-Capacitor,8,55,186,74
Electrolytic-capacitor635.jpg,256,128,Electrolytic-Capacitor,23,85,54,125
Electrolytic-capacitor635.jpg,256,128,Electrolytic-Capacitor,56,105,188,121
Electrolytic-capacitor652.jpg,256,128,Electrolytic-Capacitor,29,12,226,114
Electrolytic-capacitor304.jpg,256,128,Electrolytic-Capacitor,8,37,75,110
Electrolytic-capacitor304.jpg,256,128,Electrolytic-Capacitor,71,21,123,111
Electrolytic-capacitor304.jpg,256,128,Electrolytic-Capacitor,129,17,177,105
Electrolytic-capacitor304.jpg,256,128,Electrolytic-Capacitor,181,43,233,116
Electrolytic-capacitor654.jpg,256,128,Electrolytic-Capacitor,5,1,252,128
Electrolytic-capacitor306.jpg,256,128,Electrolytic-Capacitor,68,13,219,112
Electrolytic-capacitor1107.jpg,256,128,Electrolytic Capacitor,8,42,256,92
Electrolytic-capacitor100.jpg,256,128,Electrolytic Capacitor,6,42,256,107
Electrolytic-capacitor850.jpg,256,128,Electrolytic-Capacitor,11,2,227,52
Electrolytic-capacitor850.jpg,256,128,Electrolytic-Capacitor,19,46,215,89
Electrolytic-capacitor850.jpg,256,128,Electrolytic-Capacitor,23,89,231,117
Electrolytic-capacitor107.jpg,256,128,Electrolytic Capacitor,11,21,93,118
Electrolytic-capacitor107.jpg,256,128,Electrolytic Capacitor,103,1,190,101
Electrolytic-capacitor107.jpg,256,128,Electrolytic Capacitor,160,59,247,126
Electrolytic-capacitor834.jpg,256,128,Electrolytic-Capacitor,11,3,94,121
Electrolytic-capacitor834.jpg,256,128,Electrolytic-Capacitor,119,10,244,128
Electrolytic-capacitor634.jpg,256,128,Electrolytic-Capacitor,28,8,220,107
Electrolytic-capacitor846.jpg,256,128,Electrolytic-Capacitor,50,65,126,108
Electrolytic-capacitor846.jpg,256,128,Electrolytic-Capacitor,118,58,146,82
Electrolytic-capacitor846.jpg,256,128,Electrolytic-Capacitor,145,58,169,71
Electrolytic-capacitor846.jpg,256,128,Electrolytic-Capacitor,137,71,208,107
Electrolytic-capacitor1087.jpg,256,128,Electrolytic Capacitor,47,27,75,100
Electrolytic-capacitor1087.jpg,256,128,Electrolytic Capacitor,84,28,132,128
Electrolytic-capacitor1087.jpg,256,128,Electrolytic Capacitor,140,30,172,113
Electrolytic-capacitor1087.jpg,256,128,Electrolytic Capacitor,179,30,203,102
Electrolytic-capacitor1092.jpg,256,128,Electrolytic Capacitor,20,2,104,119
Electrolytic-capacitor1092.jpg,256,128,Electrolytic Capacitor,111,20,162,56
Electrolytic-capacitor1092.jpg,256,128,Electrolytic Capacitor,179,38,248,59
Electrolytic-capacitor1111.jpg,256,128,Electrolytic Capacitor,42,14,256,72
Electrolytic-capacitor1108.jpg,256,128,Electrolytic Capacitor,4,21,256,100
Electrolytic-capacitor622.jpg,256,128,Electrolytic-Capacitor,44,11,229,112
Electrolytic-capacitor1015.jpg,256,128,Electrolytic Capacitor,6,18,256,114
Electrolytic-capacitor164.jpg,256,128,Electrolytic-Capacitor,1,71,142,128
Electrolytic-capacitor164.jpg,256,128,Electrolytic-Capacitor,105,3,161,107
Electrolytic-capacitor164.jpg,256,128,Electrolytic-Capacitor,163,41,188,110
Electrolytic-capacitor164.jpg,256,128,Electrolytic-Capacitor,188,2,222,90
Electrolytic-capacitor486.jpg,256,128,Electrolytic-Capacitor,9,4,255,96
Electrolytic-capacitor827.jpg,256,128,Electrolytic-Capacitor,61,13,200,98
Electrolytic-capacitor1001.jpg,256,128,Electrolytic Capacitor,3,27,256,108
Electrolytic-capacitor300.jpg,256,128,Electrolytic-Capacitor,85,5,208,94
Electrolytic-capacitor016.jpg,256,128,Electrolytic Capacitor,31,26,201,104
Electrolytic-capacitor627.jpg,256,128,Electrolytic-Capacitor,176,24,201,65
Electrolytic-capacitor627.jpg,256,128,Electrolytic-Capacitor,104,1,131,48
Electrolytic-capacitor627.jpg,256,128,Electrolytic-Capacitor,150,17,178,55
Electrolytic-capacitor627.jpg,256,128,Electrolytic-Capacitor,97,103,128,128
Electrolytic-capacitor627.jpg,256,128,Electrolytic-Capacitor,65,93,97,128
Electrolytic-capacitor627.jpg,256,128,Electrolytic-Capacitor,38,80,68,128
Electrolytic-capacitor1164.jpg,256,128,Electrolytic Capacitor,10,5,190,120
Electrolytic-capacitor863.jpg,256,128,Electrolytic-Capacitor,52,24,214,105
Electrolytic-capacitor643.jpg,256,128,Electrolytic-Capacitor,45,73,184,101
Electrolytic-capacitor643.jpg,256,128,Electrolytic-Capacitor,96,22,134,75
Electrolytic-capacitor643.jpg,256,128,Electrolytic-Capacitor,135,19,175,73
Electrolytic-capacitor433.jpg,256,128,Electrolytic-Capacitor,26,18,242,89
Electrolytic-capacitor1165.jpg,256,128,Electrolytic Capacitor,85,4,142,73
Electrolytic-capacitor1165.jpg,256,128,Electrolytic Capacitor,149,12,199,79
Electrolytic-capacitor1165.jpg,256,128,Electrolytic Capacitor,195,19,246,77
Electrolytic-capacitor1165.jpg,256,128,Electrolytic Capacitor,55,19,96,70
Electrolytic-capacitor1165.jpg,256,128,Electrolytic Capacitor,10,26,65,69
Electrolytic-capacitor1165.jpg,256,128,Electrolytic Capacitor,22,72,45,101
Electrolytic-capacitor1165.jpg,256,128,Electrolytic Capacitor,57,100,81,113
Electrolytic-capacitor1165.jpg,256,128,Electrolytic Capacitor,203,83,223,95
Electrolytic-capacitor1165.jpg,256,128,Electrolytic Capacitor,174,80,205,92
Electrolytic-capacitor1165.jpg,256,128,Electrolytic Capacitor,112,68,133,90
Electrolytic-capacitor308.jpg,256,128,Electrolytic-Capacitor,22,6,239,127
Electrolytic-capacitor1160.jpg,256,128,Electrolytic Capacitor,4,8,240,97
Electrolytic-capacitor004.jpg,256,128,Electrolytic Capacitor,20,49,102,128
Electrolytic-capacitor004.jpg,256,128,Electrolytic Capacitor,101,42,189,128
Electrolytic-capacitor004.jpg,256,128,Electrolytic Capacitor,186,70,245,128
Electrolytic-capacitor1100.jpg,256,128,Electrolytic Capacitor,194,30,250,79
Electrolytic-capacitor1100.jpg,256,128,Electrolytic Capacitor,97,42,198,69
Electrolytic-capacitor1100.jpg,256,128,Electrolytic Capacitor,134,67,196,128
Electrolytic-capacitor1100.jpg,256,128,Electrolytic Capacitor,6,40,63,62
Electrolytic-capacitor1100.jpg,256,128,Electrolytic Capacitor,58,26,96,48
Electrolytic-capacitor1100.jpg,256,128,Electrolytic Capacitor,98,10,143,41
Electrolytic-capacitor506.jpg,256,128,Electrolytic-Capacitor,77,34,119,85
Electrolytic-capacitor506.jpg,256,128,Electrolytic-Capacitor,121,34,161,88
Electrolytic-capacitor649.jpg,256,128,Electrolytic-Capacitor,5,52,113,126
Electrolytic-capacitor649.jpg,256,128,Electrolytic-Capacitor,62,9,125,57
Electrolytic-capacitor649.jpg,256,128,Electrolytic-Capacitor,130,4,252,110
Electrolytic-capacitor502.jpg,256,128,Electrolytic-Capacitor,99,47,154,85
Electrolytic-capacitor502.jpg,256,128,Electrolytic-Capacitor,66,72,97,92
Electrolytic-capacitor502.jpg,256,128,Electrolytic-Capacitor,29,63,58,91
Electrolytic-capacitor341.jpg,256,128,Electrolytic-Capacitor,199,79,238,121
Electrolytic-capacitor341.jpg,256,128,Electrolytic-Capacitor,157,76,198,128
Electrolytic-capacitor341.jpg,256,128,Electrolytic-Capacitor,99,82,144,128
Electrolytic-capacitor341.jpg,256,128,Electrolytic-Capacitor,53,79,96,126
Electrolytic-capacitor1106.jpg,256,128,Electrolytic Capacitor,48,14,118,91
Electrolytic-capacitor1106.jpg,256,128,Electrolytic Capacitor,143,9,209,94
Electrolytic-capacitor507.jpg,256,128,Electrolytic-Capacitor,68,37,230,72
Electrolytic-capacitor008.jpg,256,128,Electrolytic Capacitor,1,38,256,101
Electrolytic-capacitor1084.jpg,256,128,Electrolytic Capacitor,12,21,75,109
Electrolytic-capacitor1084.jpg,256,128,Electrolytic Capacitor,105,24,154,98
Electrolytic-capacitor1084.jpg,256,128,Electrolytic Capacitor,162,68,238,113
Electrolytic-capacitor857.jpg,256,128,Electrolytic-Capacitor,26,28,111,84
Electrolytic-capacitor857.jpg,256,128,Electrolytic-Capacitor,98,13,145,47
Electrolytic-capacitor857.jpg,256,128,Electrolytic-Capacitor,159,20,208,45
Electrolytic-capacitor857.jpg,256,128,Electrolytic-Capacitor,158,47,244,65
Electrolytic-capacitor857.jpg,256,128,Electrolytic-Capacitor,179,72,227,91
Electrolytic-capacitor857.jpg,256,128,Electrolytic-Capacitor,161,84,191,120
Electrolytic-capacitor857.jpg,256,128,Electrolytic-Capacitor,130,92,152,113
Electrolytic-capacitor302.jpg,256,128,Electrolytic-Capacitor,84,1,170,122
Electrolytic-capacitor247.jpg,256,128,Electrolytic-Capacitor,27,3,241,128
Electrolytic-capacitor310.jpg,256,128,Electrolytic-Capacitor,54,73,82,114
Electrolytic-capacitor310.jpg,256,128,Electrolytic-Capacitor,181,30,232,51
Electrolytic-capacitor310.jpg,256,128,Electrolytic-Capacitor,96,72,142,113
Electrolytic-capacitor310.jpg,256,128,Electrolytic-Capacitor,134,70,175,93
Electrolytic-capacitor310.jpg,256,128,Electrolytic-Capacitor,55,31,84,47
Electrolytic-capacitor310.jpg,256,128,Electrolytic-Capacitor,29,48,66,68
Electrolytic-capacitor310.jpg,256,128,Electrolytic-Capacitor,66,48,108,70
Electrolytic-capacitor819.jpg,256,128,Electrolytic-Capacitor,94,28,155,127
Electrolytic-capacitor012.jpg,256,128,Electrolytic Capacitor,44,12,82,78
Electrolytic-capacitor012.jpg,256,128,Electrolytic Capacitor,133,8,181,69
Electrolytic-capacitor012.jpg,256,128,Electrolytic Capacitor,11,81,30,103
Electrolytic-capacitor012.jpg,256,128,Electrolytic Capacitor,33,83,43,100
Electrolytic-capacitor012.jpg,256,128,Electrolytic Capacitor,62,81,78,100
Electrolytic-capacitor012.jpg,256,128,Electrolytic Capacitor,82,82,91,99
Electrolytic-capacitor012.jpg,256,128,Electrolytic Capacitor,97,82,111,102
Electrolytic-capacitor012.jpg,256,128,Electrolytic Capacitor,114,82,129,98
Electrolytic-capacitor012.jpg,256,128,Electrolytic Capacitor,132,82,144,98
Electrolytic-capacitor012.jpg,256,128,Electrolytic Capacitor,147,81,161,96
Electrolytic-capacitor012.jpg,256,128,Electrolytic Capacitor,168,81,178,97
Electrolytic-capacitor012.jpg,256,128,Electrolytic Capacitor,180,79,192,97
Electrolytic-capacitor012.jpg,256,128,Electrolytic Capacitor,198,82,211,96
Electrolytic-capacitor012.jpg,256,128,Electrolytic Capacitor,215,80,225,94
Electrolytic-capacitor012.jpg,256,128,Electrolytic Capacitor,230,78,246,97
Electrolytic-capacitor629.jpg,256,128,Electrolytic-Capacitor,36,18,232,53
Electrolytic-capacitor629.jpg,256,128,Electrolytic-Capacitor,5,54,253,91
Electrolytic-capacitor155.jpg,256,128,Electrolytic-Capacitor,7,9,252,55
Electrolytic-capacitor155.jpg,256,128,Electrolytic-Capacitor,66,65,250,94
Electrolytic-capacitor155.jpg,256,128,Electrolytic-Capacitor,134,100,187,119
Electrolytic-capacitor481.jpg,256,128,Electrolytic-Capacitor,49,49,212,95
Electrolytic-capacitor842.jpg,256,128,Electrolytic-Capacitor,51,5,207,122
Electrolytic-capacitor497.jpg,256,128,Electrolytic-Capacitor,10,1,117,77
Electrolytic-capacitor497.jpg,256,128,Electrolytic-Capacitor,147,6,252,76
Electrolytic-capacitor497.jpg,256,128,Electrolytic-Capacitor,113,77,176,126
Electrolytic-capacitor1161.jpg,256,128,Electrolytic Capacitor,14,7,242,88
Electrolytic-capacitor830.jpg,256,128,Electrolytic-Capacitor,4,23,123,106
Electrolytic-capacitor830.jpg,256,128,Electrolytic-Capacitor,139,31,254,105
Electrolytic-capacitor1082.jpg,256,128,Electrolytic Capacitor,6,6,251,128
Electrolytic-capacitor1154.jpg,256,128,Electrolytic Capacitor,34,18,222,73
Electrolytic-capacitor1117.jpg,256,128,Electrolytic Capacitor,48,16,205,116
Electrolytic-capacitor632.jpg,256,128,Electrolytic-Capacitor,82,25,187,71
Electrolytic-capacitor632.jpg,256,128,Electrolytic-Capacitor,94,62,150,86
Electrolytic-capacitor632.jpg,256,128,Electrolytic-Capacitor,60,76,189,101
Electrolytic-capacitor158.jpg,256,128,Electrolytic-Capacitor,1,4,256,46
Electrolytic-capacitor158.jpg,256,128,Electrolytic-Capacitor,91,61,212,94
Electrolytic-capacitor158.jpg,256,128,Electrolytic-Capacitor,129,104,220,128
Electrolytic-capacitor1162.jpg,256,128,Electrolytic Capacitor,86,1,166,117
Electrolytic-capacitor170.jpg,256,128,Electrolytic-Capacitor,5,6,111,109
Electrolytic-capacitor170.jpg,256,128,Electrolytic-Capacitor,175,13,219,89
Electrolytic-capacitor818.jpg,256,128,Electrolytic-Capacitor,76,79,106,113
Electrolytic-capacitor112.jpg,256,128,Electrolytic Capacitor,1,18,256,108
Electrolytic-capacitor837.jpg,256,128,Electrolytic-Capacitor,1,55,256,83
Electrolytic-capacitor245.jpg,256,128,Electrolytic-Capacitor,43,14,75,80
Electrolytic-capacitor245.jpg,256,128,Electrolytic-Capacitor,132,12,180,75
Electrolytic-capacitor245.jpg,256,128,Electrolytic-Capacitor,12,80,27,100
Electrolytic-capacitor245.jpg,256,128,Electrolytic-Capacitor,30,81,44,101
Electrolytic-capacitor245.jpg,256,128,Electrolytic-Capacitor,47,82,61,100
Electrolytic-capacitor245.jpg,256,128,Electrolytic-Capacitor,62,82,76,98
Electrolytic-capacitor245.jpg,256,128,Electrolytic-Capacitor,81,84,96,102
Electrolytic-capacitor245.jpg,256,128,Electrolytic-Capacitor,205,81,248,97
Electrolytic-capacitor245.jpg,256,128,Electrolytic-Capacitor,145,78,160,100
Electrolytic-capacitor113.jpg,256,128,Electrolytic Capacitor,53,6,122,128
Electrolytic-capacitor113.jpg,256,128,Electrolytic Capacitor,124,6,191,128
Electrolytic-capacitor179.jpg,256,128,Electrolytic-Capacitor,55,4,203,122
Electrolytic-capacitor002.jpg,256,128,Electrolytic Capacitor,3,1,248,128
Electrolytic-capacitor494.jpg,256,128,Electrolytic-Capacitor,5,3,254,88
Electrolytic-capacitor494.jpg,256,128,Electrolytic-Capacitor,165,85,256,125
Electrolytic-capacitor494.jpg,256,128,Electrolytic-Capacitor,54,102,115,128
Electrolytic-capacitor835.jpg,256,128,Electrolytic-Capacitor,14,20,245,108
Electrolytic-capacitor001.jpg,256,128,Electrolytic Capacitor,38,24,239,102
Electrolytic-capacitor844.jpg,256,128,Electrolytic-Capacitor,172,26,252,111
Electrolytic-capacitor844.jpg,256,128,Electrolytic-Capacitor,2,39,139,126
Electrolytic-capacitor1112.jpg,256,128,Electrolytic Capacitor,156,60,206,93
Electrolytic-capacitor1112.jpg,256,128,Electrolytic Capacitor,27,64,105,100
Electrolytic-capacitor839.jpg,256,128,Electrolytic-Capacitor,5,47,251,83
Electrolytic-capacitor500.jpg,256,128,Electrolytic-Capacitor,39,4,227,122
Electrolytic-capacitor105.jpg,256,128,Electrolytic Capacitor,2,30,256,86
Electrolytic-capacitor010.jpg,256,128,Electrolytic Capacitor,135,47,190,101
Electrolytic-capacitor010.jpg,256,128,Electrolytic Capacitor,194,46,251,94
Electrolytic-capacitor010.jpg,256,128,Electrolytic Capacitor,113,9,164,23
Electrolytic-capacitor106.jpg,256,128,Electrolytic Capacitor,65,1,202,128
Electrolytic-capacitor843.jpg,256,128,Electrolytic-Capacitor,42,43,238,84
Electrolytic-capacitor650.jpg,256,128,Electrolytic-Capacitor,4,22,254,90
Electrolytic-capacitor847.jpg,256,128,Electrolytic-Capacitor,62,13,172,127
Electrolytic-capacitor658.jpg,256,128,Electrolytic-Capacitor,63,4,138,35
Electrolytic-capacitor658.jpg,256,128,Electrolytic-Capacitor,2,19,43,99
Electrolytic-capacitor658.jpg,256,128,Electrolytic-Capacitor,61,34,143,63
Electrolytic-capacitor658.jpg,256,128,Electrolytic-Capacitor,66,71,156,99
Electrolytic-capacitor658.jpg,256,128,Electrolytic-Capacitor,60,100,116,124
Electrolytic-capacitor658.jpg,256,128,Electrolytic-Capacitor,126,107,151,125
Electrolytic-capacitor658.jpg,256,128,Electrolytic-Capacitor,142,24,195,74
Electrolytic-capacitor651.jpg,256,128,Electrolytic-Capacitor,1,4,143,128
Electrolytic-capacitor651.jpg,256,128,Electrolytic-Capacitor,144,2,256,122
Electrolytic-capacitor861.jpg,256,128,Electrolytic-Capacitor,62,24,200,116
Electrolytic-capacitor488.jpg,256,128,Electrolytic-Capacitor,140,16,236,114
Electrolytic-capacitor488.jpg,256,128,Electrolytic-Capacitor,2,26,140,118
Electrolytic-capacitor173.jpg,256,128,Electrolytic-Capacitor,87,11,162,40
Electrolytic-capacitor173.jpg,256,128,Electrolytic-Capacitor,123,31,175,92
Electrolytic-capacitor173.jpg,256,128,Electrolytic-Capacitor,165,26,256,53
Electrolytic-capacitor173.jpg,256,128,Electrolytic-Capacitor,1,84,127,113
Electrolytic-capacitor173.jpg,256,128,Electrolytic-Capacitor,6,39,115,66
Electrolytic-capacitor173.jpg,256,128,Electrolytic-Capacitor,131,102,224,128
Electrolytic-capacitor829.jpg,256,128,Electrolytic-Capacitor,18,24,108,106
Electrolytic-capacitor829.jpg,256,128,Electrolytic-Capacitor,155,27,242,104
Electrolytic-capacitor509.jpg,256,128,Electrolytic-Capacitor,74,21,129,54
Electrolytic-capacitor509.jpg,256,128,Electrolytic-Capacitor,141,7,212,53
Electrolytic-capacitor1155.jpg,256,128,Electrolytic Capacitor,19,3,86,75
Electrolytic-capacitor1155.jpg,256,128,Electrolytic Capacitor,78,7,147,82
Electrolytic-capacitor1155.jpg,256,128,Electrolytic Capacitor,133,1,253,127
Electrolytic-capacitor174.jpg,256,128,Electrolytic-Capacitor,20,3,234,98
Electrolytic-capacitor840.jpg,256,128,Electrolytic-Capacitor,17,45,65,113
Electrolytic-capacitor840.jpg,256,128,Electrolytic-Capacitor,80,7,152,111
Electrolytic-capacitor840.jpg,256,128,Electrolytic-Capacitor,164,11,198,113
Electrolytic-capacitor840.jpg,256,128,Electrolytic-Capacitor,214,18,251,117
Electrolytic-capacitor111.jpg,256,128,Electrolytic Capacitor,20,34,246,84
Electrolytic-capacitor501.jpg,256,128,Electrolytic-Capacitor,52,4,83,105
Electrolytic-capacitor501.jpg,256,128,Electrolytic-Capacitor,84,8,109,105
Electrolytic-capacitor501.jpg,256,128,Electrolytic-Capacitor,113,12,135,107
Electrolytic-capacitor501.jpg,256,128,Electrolytic-Capacitor,138,6,165,109
Electrolytic-capacitor501.jpg,256,128,Electrolytic-Capacitor,169,8,199,109
Electrolytic-capacitor478.jpg,256,128,Electrolytic-Capacitor,3,18,256,84
Electrolytic-capacitor1150.jpg,256,128,Electrolytic Capacitor,69,1,182,128
Electrolytic-capacitor1099.jpg,256,128,Electrolytic Capacitor,20,46,62,107
Electrolytic-capacitor1099.jpg,256,128,Electrolytic Capacitor,68,37,101,100
Electrolytic-capacitor1099.jpg,256,128,Electrolytic Capacitor,104,33,141,97
Electrolytic-capacitor1099.jpg,256,128,Electrolytic Capacitor,144,37,182,96
Electrolytic-capacitor1099.jpg,256,128,Electrolytic Capacitor,186,22,243,105
Electrolytic-capacitor1018.jpg,256,128,Electrolytic Capacitor,21,42,62,74
Electrolytic-capacitor1018.jpg,256,128,Electrolytic Capacitor,64,27,116,70
Electrolytic-capacitor1018.jpg,256,128,Electrolytic Capacitor,119,33,161,72
Electrolytic-capacitor1018.jpg,256,128,Electrolytic Capacitor,151,69,181,94
Electrolytic-capacitor1018.jpg,256,128,Electrolytic Capacitor,100,64,141,93
Electrolytic-capacitor1018.jpg,256,128,Electrolytic Capacitor,47,66,85,99
Electrolytic-capacitor1018.jpg,256,128,Electrolytic Capacitor,169,27,189,74
Electrolytic-capacitor1018.jpg,256,128,Electrolytic Capacitor,191,65,246,87
Electrolytic-capacitor006.jpg,256,128,Electrolytic Capacitor,29,29,77,127
Electrolytic-capacitor006.jpg,256,128,Electrolytic Capacitor,90,28,137,128
Electrolytic-capacitor006.jpg,256,128,Electrolytic Capacitor,153,28,199,128
Electrolytic-capacitor006.jpg,256,128,Electrolytic Capacitor,218,29,256,91
Electrolytic-capacitor485.jpg,256,128,Electrolytic-Capacitor,40,15,126,122
Electrolytic-capacitor485.jpg,256,128,Electrolytic-Capacitor,128,15,215,95
Electrolytic-capacitor121.jpg,256,128,Electrolytic Capacitor,50,17,256,79
Electrolytic-capacitor108.jpg,256,128,Electrolytic Capacitor,8,39,122,104
Electrolytic-capacitor108.jpg,256,128,Electrolytic Capacitor,183,1,244,128
Electrolytic-capacitor849.jpg,256,128,Electrolytic-Capacitor,37,31,228,83
Electrolytic-capacitor343.jpg,256,128,Electrolytic-Capacitor,19,1,256,125
Electrolytic-capacitor498.jpg,256,128,Electrolytic-Capacitor,189,10,253,68
Electrolytic-capacitor498.jpg,256,128,Electrolytic-Capacitor,56,25,134,128
Electrolytic-capacitor017.jpg,256,128,Electrolytic Capacitor,39,4,214,96
Electrolytic-capacitor096.jpg,256,128,Electrolytic Capacitor,20,18,202,120
Electrolytic-capacitor820.jpg,256,128,Electrolytic-Capacitor,13,21,74,98
Electrolytic-capacitor820.jpg,256,128,Electrolytic-Capacitor,101,20,152,95
Electrolytic-capacitor820.jpg,256,128,Electrolytic-Capacitor,167,57,229,115
Electrolytic-capacitor505.jpg,256,128,Electrolytic-Capacitor,71,22,184,126
Electrolytic-capacitor340.jpg,256,128,Electrolytic-Capacitor,42,21,249,53
Electrolytic-capacitor340.jpg,256,128,Electrolytic-Capacitor,41,58,216,100
Electrolytic-capacitor1016.jpg,256,128,Electrolytic Capacitor,22,15,71,98
Electrolytic-capacitor1016.jpg,256,128,Electrolytic Capacitor,205,46,236,128
Electrolytic-capacitor1016.jpg,256,128,Electrolytic Capacitor,178,27,210,128
Electrolytic-capacitor1016.jpg,256,128,Electrolytic Capacitor,79,20,119,128
Electrolytic-capacitor864.jpg,256,128,Electrolytic-Capacitor,9,19,36,111
Electrolytic-capacitor864.jpg,256,128,Electrolytic-Capacitor,39,2,61,87
Electrolytic-capacitor864.jpg,256,128,Electrolytic-Capacitor,49,89,68,118
Electrolytic-capacitor864.jpg,256,128,Electrolytic-Capacitor,94,19,122,78
Electrolytic-capacitor864.jpg,256,128,Electrolytic-Capacitor,87,76,108,128
Electrolytic-capacitor864.jpg,256,128,Electrolytic-Capacitor,220,78,248,125
Electrolytic-capacitor864.jpg,256,128,Electrolytic-Capacitor,163,102,186,128
Electrolytic-capacitor864.jpg,256,128,Electrolytic-Capacitor,140,84,162,127
Electrolytic-capacitor864.jpg,256,128,Electrolytic-Capacitor,143,4,168,84
Electrolytic-capacitor864.jpg,256,128,Electrolytic-Capacitor,122,4,141,114
Electrolytic-capacitor864.jpg,256,128,Electrolytic-Capacitor,171,25,189,108
Electrolytic-capacitor864.jpg,256,128,Electrolytic-Capacitor,192,41,228,79
Electrolytic-capacitor1168.jpg,256,128,Electrolytic Capacitor,110,9,139,60
Electrolytic-capacitor1168.jpg,256,128,Electrolytic Capacitor,169,31,220,55
Electrolytic-capacitor1168.jpg,256,128,Electrolytic Capacitor,152,63,236,94
Electrolytic-capacitor1168.jpg,256,128,Electrolytic Capacitor,109,62,142,118
Electrolytic-capacitor1168.jpg,256,128,Electrolytic Capacitor,35,73,96,98
Electrolytic-capacitor1168.jpg,256,128,Electrolytic Capacitor,30,30,113,66
Electrolytic-capacitor007.jpg,256,128,Electrolytic Capacitor,25,5,135,91
Electrolytic-capacitor007.jpg,256,128,Electrolytic Capacitor,134,13,241,128
Electrolytic-capacitor099.jpg,256,128,Electrolytic Capacitor,3,8,252,123
Electrolytic-capacitor102.jpg,256,128,Electrolytic Capacitor,4,37,85,128
Electrolytic-capacitor102.jpg,256,128,Electrolytic Capacitor,86,2,174,128
Electrolytic-capacitor102.jpg,256,128,Electrolytic Capacitor,174,18,252,128
Electrolytic-capacitor868.jpg,256,128,Electrolytic-Capacitor,50,30,228,63
Electrolytic-capacitor868.jpg,256,128,Electrolytic-Capacitor,10,36,46,66
Electrolytic-capacitor868.jpg,256,128,Electrolytic-Capacitor,118,65,165,76
Electrolytic-capacitor868.jpg,256,128,Electrolytic-Capacitor,122,78,166,89
Electrolytic-capacitor868.jpg,256,128,Electrolytic-Capacitor,9,73,79,84
Electrolytic-capacitor868.jpg,256,128,Electrolytic-Capacitor,24,82,77,94
Electrolytic-capacitor109.jpg,256,128,Electrolytic Capacitor,57,43,230,75
Electrolytic-capacitor1014.jpg,256,128,Electrolytic Capacitor,90,1,146,128
Electrolytic-capacitor636.jpg,256,128,Electrolytic-Capacitor,16,1,70,128
Electrolytic-capacitor636.jpg,256,128,Electrolytic-Capacitor,91,15,160,106
Electrolytic-capacitor636.jpg,256,128,Electrolytic-Capacitor,170,10,242,108
Electrolytic-capacitor1004.jpg,256,128,Electrolytic Capacitor,100,92,153,112
Electrolytic-capacitor118.jpg,256,128,Electrolytic Capacitor,106,19,129,59
Electrolytic-capacitor118.jpg,256,128,Electrolytic Capacitor,130,23,152,58
Electrolytic-capacitor118.jpg,256,128,Electrolytic Capacitor,152,26,168,55
Electrolytic-capacitor122.jpg,256,128,Electrolytic Capacitor,52,9,195,121
Electrolytic-capacitor1017.jpg,256,128,Electrolytic Capacitor,10,82,198,128
Electrolytic-capacitor1017.jpg,256,128,Electrolytic Capacitor,13,12,197,57
Electrolytic-capacitor1003.jpg,256,128,Electrolytic Capacitor,10,16,111,112
Electrolytic-capacitor1003.jpg,256,128,Electrolytic Capacitor,145,14,256,113
Electrolytic-capacitor1089.jpg,256,128,Electrolytic Capacitor,15,8,256,123
Electrolytic-capacitor1167.jpg,256,128,Electrolytic Capacitor,46,59,68,82
Electrolytic-capacitor1167.jpg,256,128,Electrolytic Capacitor,111,47,130,69
Electrolytic-capacitor1167.jpg,256,128,Electrolytic Capacitor,20,58,35,79
Electrolytic-capacitor014.jpg,256,128,Electrolytic Capacitor,67,13,194,128
Electrolytic-capacitor657.jpg,256,128,Electrolytic-Capacitor,13,5,79,113
Electrolytic-capacitor657.jpg,256,128,Electrolytic-Capacitor,83,12,138,112
Electrolytic-capacitor657.jpg,256,128,Electrolytic-Capacitor,146,32,188,114
Electrolytic-capacitor657.jpg,256,128,Electrolytic-Capacitor,200,15,236,118
Electrolytic-capacitor186.jpg,256,128,Electrolytic-Capacitor,3,2,58,128
Electrolytic-capacitor186.jpg,256,128,Electrolytic-Capacitor,59,21,105,128
Electrolytic-capacitor186.jpg,256,128,Electrolytic-Capacitor,109,30,157,128
Electrolytic-capacitor186.jpg,256,128,Electrolytic-Capacitor,161,33,229,128
Electrolytic-capacitor186.jpg,256,128,Electrolytic-Capacitor,229,9,253,121
Electrolytic-capacitor482.jpg,256,128,Electrolytic-Capacitor,128,38,215,77
Electrolytic-capacitor482.jpg,256,128,Electrolytic-Capacitor,96,76,169,114
Electrolytic-capacitor482.jpg,256,128,Electrolytic-Capacitor,45,53,123,86
Electrolytic-capacitor482.jpg,256,128,Electrolytic-Capacitor,65,15,129,57
Electrolytic-capacitor165.jpg,256,128,Electrolytic-Capacitor,67,24,241,65
Electrolytic-capacitor165.jpg,256,128,Electrolytic-Capacitor,13,67,215,109
Electrolytic-capacitor828.jpg,256,128,Electrolytic-Capacitor,14,11,74,45
Electrolytic-capacitor1012.jpg,256,128,Electrolytic Capacitor,18,14,65,69
Electrolytic-capacitor1012.jpg,256,128,Electrolytic Capacitor,61,12,103,58
Electrolytic-capacitor1012.jpg,256,128,Electrolytic Capacitor,140,4,182,55
Electrolytic-capacitor246.jpg,256,128,Electrolytic-Capacitor,23,13,201,30
Electrolytic-capacitor246.jpg,256,128,Electrolytic-Capacitor,73,30,232,50
Electrolytic-capacitor246.jpg,256,128,Electrolytic-Capacitor,80,49,254,66
Electrolytic-capacitor246.jpg,256,128,Electrolytic-Capacitor,29,55,211,81
Electrolytic-capacitor246.jpg,256,128,Electrolytic-Capacitor,5,75,197,121
Electrolytic-capacitor015.jpg,256,128,Electrolytic Capacitor,90,3,223,48
Electrolytic-capacitor015.jpg,256,128,Electrolytic Capacitor,2,20,162,128
Electrolytic-capacitor003.jpg,256,128,Electrolytic Capacitor,53,30,192,84
Electrolytic-capacitor162.jpg,256,128,Electrolytic-Capacitor,5,53,248,81
Electrolytic-capacitor1078.jpg,256,128,Electrolytic Capacitor,21,26,256,103
Electrolytic-capacitor503.jpg,256,128,Electrolytic-Capacitor,208,30,228,66
Electrolytic-capacitor503.jpg,256,128,Electrolytic-Capacitor,46,67,59,118
Electrolytic-capacitor503.jpg,256,128,Electrolytic-Capacitor,63,70,77,114
Electrolytic-capacitor503.jpg,256,128,Electrolytic-Capacitor,87,67,95,90
Electrolytic-capacitor503.jpg,256,128,Electrolytic-Capacitor,102,67,112,88
Electrolytic-capacitor503.jpg,256,128,Electrolytic-Capacitor,120,71,225,78
Electrolytic-capacitor503.jpg,256,128,Electrolytic-Capacitor,126,84,226,89
Electrolytic-capacitor1010.jpg,256,128,Electrolytic Capacitor,17,46,67,127
Electrolytic-capacitor1010.jpg,256,128,Electrolytic Capacitor,76,13,151,128
Electrolytic-capacitor1010.jpg,256,128,Electrolytic Capacitor,161,1,202,115
Electrolytic-capacitor1010.jpg,256,128,Electrolytic Capacitor,219,12,253,121
Electrolytic-capacitor095.jpg,256,128,Electrolytic Capacitor,21,35,166,71
Electrolytic-capacitor095.jpg,256,128,Electrolytic Capacitor,107,63,243,104
Electrolytic-capacitor095.jpg,256,128,Electrolytic Capacitor,1,61,85,119
Electrolytic-capacitor095.jpg,256,128,Electrolytic Capacitor,66,21,192,50
Electrolytic-capacitor119.jpg,256,128,Electrolytic Capacitor,30,1,251,119
Electrolytic-capacitor1013.jpg,256,128,Electrolytic Capacitor,6,11,126,125
Electrolytic-capacitor1013.jpg,256,128,Electrolytic Capacitor,128,1,255,116
Electrolytic-capacitor1105.jpg,256,128,Electrolytic Capacitor,16,34,90,87
Electrolytic-capacitor1105.jpg,256,128,Electrolytic Capacitor,89,8,144,116
Electrolytic-capacitor1105.jpg,256,128,Electrolytic Capacitor,133,6,180,105
Electrolytic-capacitor1105.jpg,256,128,Electrolytic Capacitor,185,27,252,92
general_diode_1_49.jpeg,225,225,diode,77,79,157,150
general_diode_0_70.jpeg,200,200,diode,71,77,140,147
general_diode_0_17.jpeg,259,194,diode,48,26,219,170
general_diode_1_40.jpeg,225,225,diode,82,91,164,161
general_diode_0_15.jpeg,225,225,diode,47,48,136,163
general_diode_1_79.jpeg,225,225,diode,43,43,188,188
general_diode_1_22.jpeg,225,225,diode,68,73,160,152
general_diode_1_3.jpeg,225,225,diode,47,65,155,140
general_diode_1_54.jpeg,225,225,diode,79,81,141,138
general_diode_0_26.jpeg,225,225,diode,118,110,166,158
general_diode_0_26.jpeg,225,225,diode,65,68,108,98
general_diode_1_0.jpeg,225,225,diode,46,60,155,142
general_diode_0_20.jpeg,225,225,diode,53,64,151,160
general_diode_0_46.jpeg,225,225,diode,42,85,95,118
general_diode_0_46.jpeg,225,225,diode,144,99,194,146
general_diode_0_46.jpeg,225,225,diode,100,99,139,133
general_diode_1_64.jpeg,225,225,diode,42,62,181,169
general_diode_1_27.jpeg,225,225,diode,61,68,176,181
general_diode_0_29.jpeg,225,225,diode,22,54,110,136
general_diode_0_29.jpeg,225,225,diode,99,128,179,202
general_diode_1_29.png,225,225,diode,59,63,150,154
general_diode_0_83.jpeg,259,194,diode,96,49,167,117
general_diode_0_27.jpeg,259,194,diode,84,54,178,138
general_diode_0_89.jpeg,225,225,diode,1,138,37,194
general_diode_0_89.jpeg,225,225,diode,28,126,70,184
general_diode_0_89.jpeg,225,225,diode,64,120,104,164
general_diode_0_89.jpeg,225,225,diode,94,107,136,148
general_diode_0_89.jpeg,225,225,diode,126,80,161,133
general_diode_0_89.jpeg,225,225,diode,157,79,196,119
general_diode_0_89.jpeg,225,225,diode,188,59,224,112
general_diode_1_70.jpeg,225,225,diode,67,66,156,155
general_diode_0_92.jpeg,225,225,diode,8,146,82,216
general_diode_0_92.jpeg,225,225,diode,42,109,109,181
general_diode_0_92.jpeg,225,225,diode,83,81,144,144
general_diode_0_92.jpeg,225,225,diode,115,58,174,112
general_diode_0_92.jpeg,225,225,diode,152,21,211,80
general_diode_1_47.jpeg,225,225,diode,79,83,142,150
general_diode_1_80.jpeg,225,225,diode,75,81,157,147
general_diode_1_18.jpeg,225,225,diode,49,58,157,146
general_diode_0_61.jpeg,225,225,diode,90,89,154,148
general_diode_0_71.jpeg,225,225,diode,66,76,149,161
general_diode_0_60.jpeg,225,225,diode,90,75,149,128
general_diode_1_90.jpeg,225,225,diode,8,88,53,136
general_diode_1_90.jpeg,225,225,diode,46,112,106,169
general_diode_1_71.jpeg,225,225,diode,94,92,129,110
general_diode_1_71.jpeg,225,225,diode,98,111,145,132
general_diode_1_2.jpeg,231,218,diode,48,61,150,140
general_diode_1_9.jpeg,225,225,diode,74,64,158,148
general_diode_0_54.jpeg,225,225,diode,81,69,144,106
general_diode_0_54.jpeg,225,225,diode,105,102,163,151
general_diode_1_12.jpeg,225,225,diode,47,58,153,155
general_diode_1_48.jpeg,225,225,diode,83,76,117,108
general_diode_1_48.jpeg,225,225,diode,116,116,155,147
general_diode_1_48.jpeg,225,225,diode,98,99,135,127
general_diode_0_25.jpeg,225,225,diode,70,64,164,177
general_diode_0_64.jpeg,225,225,diode,92,77,154,160
general_diode_1_20.jpeg,246,204,diode,53,63,158,157
general_diode_0_21.jpeg,225,225,diode,66,55,118,101
general_diode_0_21.jpeg,225,225,diode,101,91,158,151
general_diode_1_69.jpeg,225,225,diode,63,66,167,157
general_diode_1_99.jpeg,225,225,diode,78,90,161,153
general_diode_1_44.jpeg,225,225,diode,65,75,167,158
general_diode_1_62.jpeg,259,194,diode,117,76,160,118
general_diode_1_36.jpeg,225,225,diode,52,55,172,178
general_diode_1_24.jpeg,225,225,diode,68,65,161,157
general_diode_1_75.jpeg,259,195,diode,95,83,154,133
general_diode_1_34.jpeg,225,225,diode,52,75,171,178
general_diode_0_53.jpeg,225,225,diode,14,15,214,214
general_diode_0_65.jpeg,251,201,diode,90,57,166,129
general_diode_1_87.jpeg,225,225,diode,28,47,171,167
general_diode_1_61.jpeg,225,225,diode,60,48,129,87
general_diode_1_61.jpeg,225,225,diode,82,89,142,127
general_diode_1_61.jpeg,225,225,diode,98,129,167,176
general_diode_0_13.jpeg,225,225,diode,31,31,169,178
general_diode_1_57.jpeg,225,225,diode,76,78,139,112
general_diode_1_57.jpeg,225,225,diode,80,108,151,143
general_diode_1_19.jpeg,225,225,diode,48,50,166,163
general_diode_1_98.jpeg,259,194,diode,115,80,163,113
general_diode_1_98.jpeg,259,194,diode,136,105,197,154
general_diode_1_32.jpeg,351,143,diode,126,27,236,113
general_diode_1_56.jpeg,225,225,diode,83,71,149,136
general_diode_1_1.jpeg,225,225,diode,72,81,151,149
general_diode_0_16.jpeg,300,150,diode,76,14,215,138
general_diode_1_85.jpeg,225,225,diode,57,41,179,155
general_diode_1_72.jpeg,225,225,diode,69,85,156,153
general_diode_1_5.jpeg,220,229,diode,67,81,136,149
general_diode_0_88.jpeg,225,225,diode,80,90,146,156
general_diode_0_34.jpeg,251,201,diode,78,80,111,118
general_diode_0_34.jpeg,251,201,diode,137,86,177,137
general_diode_0_34.jpeg,251,201,diode,114,63,144,102
general_diode_0_34.jpeg,251,201,diode,104,95,135,135
general_diode_0_84.jpeg,225,225,diode,89,135,144,175
general_diode_0_84.jpeg,225,225,diode,61,80,115,120
general_diode_0_50.jpeg,225,225,diode,66,88,121,144
general_diode_0_63.png,225,225,diode,81,82,160,146
general_diode_0_38.jpeg,169,298,diode,41,57,142,188
general_diode_1_7.jpeg,225,225,diode,79,91,160,162
general_diode_1_23.jpeg,225,225,diode,43,45,144,160
general_diode_1_13.jpeg,225,225,diode,43,65,163,153
general_diode_0_41.jpeg,227,222,diode,100,133,143,161
general_diode_0_22.jpeg,100,100,diode,33,24,72,75
general_diode_1_76.jpeg,225,225,diode,70,105,114,133
general_diode_0_47.jpeg,282,179,diode,70,47,160,102
general_diode_0_52.jpeg,225,225,diode,71,62,150,143
general_diode_0_44.jpeg,220,229,diode,61,123,111,171
general_diode_0_77.jpeg,225,225,diode,66,64,158,164
general_diode_1_14.jpeg,224,225,diode,59,69,160,155
general_diode_1_74.jpeg,225,225,diode,61,73,159,160
general_diode_1_96.jpeg,225,225,diode,21,59,109,140
general_diode_0_14.jpeg,304,166,diode,85,30,207,128
general_diode_0_35.jpeg,229,220,diode,60,81,121,135
general_diode_0_35.jpeg,229,220,diode,102,72,156,119
general_diode_1_21.jpeg,225,225,diode,63,66,175,172
general_diode_1_33.jpeg,225,225,diode,61,75,178,162
general_diode_1_45.jpeg,268,188,diode,59,62,171,127
general_diode_0_66.jpeg,225,225,diode,121,125,163,159
general_diode_1_31.jpeg,225,225,diode,45,58,149,149
general_diode_0_51.jpeg,225,225,diode,5,79,33,116
general_diode_0_51.jpeg,225,225,diode,38,84,55,118
general_diode_0_51.jpeg,225,225,diode,58,80,80,118
general_diode_0_51.jpeg,225,225,diode,120,130,168,176
general_diode_0_51.jpeg,225,225,diode,84,82,125,118
general_diode_0_51.jpeg,225,225,diode,98,104,139,149
general_diode_1_30.jpeg,225,225,diode,88,62,160,131
general_diode_1_55.jpeg,275,183,diode,102,67,175,122
general_diode_1_73.jpeg,225,225,diode,74,61,150,144
general_diode_0_33.jpeg,220,220,diode,66,72,145,171
general_diode_1_6.jpeg,237,213,diode,59,53,174,152
general_diode_1_17.jpeg,225,225,diode,59,71,159,149
general_diode_0_24.jpeg,225,225,diode,73,60,171,153
general_diode_0_49.jpeg,225,225,diode,8,16,215,200
general_diode_1_11.jpeg,224,224,diode,68,64,156,156
general_diode_1_10.jpeg,225,225,diode,74,78,154,149
general_diode_1_35.jpeg,225,225,diode,79,73,157,166
general_diode_1_77.jpeg,225,225,diode,34,47,178,188
general_diode_0_45.jpeg,226,223,diode,75,127,121,173
general_diode_0_37.jpeg,225,225,diode,73,97,135,131
general_diode_0_37.jpeg,225,225,diode,84,147,147,195
general_diode_1_25.jpeg,225,225,diode,54,76,145,148
general_diode_0_85.jpeg,225,225,diode,45,143,84,173
general_diode_0_85.jpeg,225,225,diode,61,119,93,148
general_diode_0_85.jpeg,225,225,diode,78,108,113,129
general_diode_0_85.jpeg,225,225,diode,101,82,134,109
general_diode_0_85.jpeg,225,225,diode,126,72,160,94
general_diode_0_85.jpeg,225,225,diode,143,49,177,73
general_diode_1_16.jpeg,225,225,diode,72,83,160,161
general_diode_1_43.jpeg,180,180,diode,42,37,146,136
general_diode_0_79.jpeg,225,225,diode,116,62,170,108
general_diode_0_31.jpeg,225,225,diode,125,104,183,157
general_diode_0_19.jpeg,225,225,diode,51,134,139,207
general_diode_0_87.png,225,225,diode,87,53,163,118
general_diode_1_28.jpeg,225,225,diode,56,59,156,157
general_diode_0_42.jpeg,225,225,diode,37,46,84,96
general_diode_1_50.jpeg,225,225,diode,38,41,139,136
LED393.jpg,256,128,LED,59,15,194,112
LED655.jpg,256,128,LED,79,18,200,97
LED015.jpg,256,128,LED,3,40,255,92
LED856.jpg,256,128,LED,60,29,105,56
LED856.jpg,256,128,LED,107,38,132,65
LED856.jpg,256,128,LED,82,59,111,78
LED856.jpg,256,128,LED,81,76,100,100
LED856.jpg,256,128,LED,139,30,178,66
LED856.jpg,256,128,LED,133,66,157,80
LED856.jpg,256,128,LED,167,54,214,77
LED438.jpg,256,128,LED,40,85,83,127
LED438.jpg,256,128,LED,100,86,141,127
LED438.jpg,256,128,LED,166,85,209,128
LED438.jpg,256,128,LED,42,67,82,86
LED438.jpg,256,128,LED,111,69,148,84
LED438.jpg,256,128,LED,170,69,206,86
LED580.jpg,256,128,LED,115,47,145,90
LED726.jpg,256,128,LED,36,33,137,105
LED726.jpg,256,128,LED,142,25,256,124
LED424.jpg,256,128,LED,29,56,231,95
LED258.jpg,256,128,LED,80,37,110,59
led_2_19.jpeg,272,185,LED,36,67,231,109
LED635.jpg,256,128,LED,155,30,214,86
LED420.jpg,256,128,LED,12,12,241,123
LED271.jpg,256,128,LED,94,32,155,112
LED523.jpg,256,128,LED,98,67,133,97
LED896.jpg,256,128,LED,204,33,239,61
LED498.jpg,256,128,LED,7,6,167,106
LED533.jpg,256,128,LED,108,48,154,128
LED265.jpg,256,128,LED,30,1,255,113
LED638.jpg,256,128,LED,88,27,181,128
LED514.jpg,256,128,LED,84,52,110,71
LED514.jpg,256,128,LED,25,17,107,41
LED517.jpg,256,128,LED,72,52,104,83
LED517.jpg,256,128,LED,135,34,162,70
LED517.jpg,256,128,LED,169,39,213,69
LED517.jpg,256,128,LED,15,1,53,22
LED853.jpg,256,128,LED,14,41,86,92
LED853.jpg,256,128,LED,98,41,171,95
LED853.jpg,256,128,LED,190,43,256,91
LED633.jpg,256,128,LED,54,25,108,88
LED587.jpg,256,128,LED,93,1,256,96
LED269.jpg,256,128,LED,5,3,85,42
LED269.jpg,256,128,LED,174,43,254,85
LED269.jpg,256,128,LED,90,44,166,81
LED269.jpg,256,128,LED,5,86,18,122
LED269.jpg,256,128,LED,19,88,30,122
LED269.jpg,256,128,LED,92,91,162,128
LED850.jpg,256,128,LED,22,10,134,120
LED850.jpg,256,128,LED,139,12,235,69
LED636.jpg,256,128,LED,165,33,194,61
LED636.jpg,256,128,LED,224,22,256,37
LED636.jpg,256,128,LED,224,70,256,98
LED636.jpg,256,128,LED,13,29,44,43
LED636.jpg,256,128,LED,44,20,79,47
LED905.jpg,256,128,LED,47,66,75,85
LED905.jpg,256,128,LED,29,17,68,37
LED905.jpg,256,128,LED,89,108,114,126
LED905.jpg,256,128,LED,168,87,193,106
LED502.jpg,256,128,LED,52,45,129,125
LED502.jpg,256,128,LED,68,7,128,44
LED502.jpg,256,128,LED,131,16,199,99
LED589.jpg,256,128,LED,93,23,150,59
LED388.jpg,256,128,LED,93,28,154,128
LED268.jpg,256,128,LED,79,39,104,63
LED268.jpg,256,128,LED,153,35,182,61
LED012.jpg,256,128,LED,8,17,256,127
led_1_1.jpeg,225,225,LED,1,87,113,225
led_1_1.jpeg,225,225,LED,27,6,147,134
LED437.jpg,256,128,LED,3,5,83,127
LED437.jpg,256,128,LED,91,5,170,128
LED437.jpg,256,128,LED,178,6,256,122
LED653.jpg,256,128,LED,11,6,46,66
LED653.jpg,256,128,LED,49,12,82,63
LED653.jpg,256,128,LED,84,14,120,67
LED653.jpg,256,128,LED,139,6,186,65
LED653.jpg,256,128,LED,202,5,246,55
LED653.jpg,256,128,LED,15,75,47,123
LED653.jpg,256,128,LED,72,72,96,128
LED653.jpg,256,128,LED,98,73,131,128
LED653.jpg,256,128,LED,135,72,161,128
LED653.jpg,256,128,LED,208,73,228,103
LED653.jpg,256,128,LED,233,71,248,103
LED009.jpg,256,128,LED,12,23,49,57
LED009.jpg,256,128,LED,94,11,130,120
LED009.jpg,256,128,LED,141,3,179,114
LED009.jpg,256,128,LED,214,10,249,51
led_1_45.jpeg,259,194,LED,30,6,236,194
LED267.jpg,256,128,LED,119,8,139,45
LED267.jpg,256,128,LED,148,7,174,50
LED267.jpg,256,128,LED,81,7,112,47
LED267.jpg,256,128,LED,104,60,157,80
LED267.jpg,256,128,LED,19,58,89,73
LED267.jpg,256,128,LED,167,64,236,81
LED486.jpg,256,128,LED,138,73,163,92
LED486.jpg,256,128,LED,137,34,159,52
LED486.jpg,256,128,LED,135,2,161,17
LED593.jpg,256,128,LED,74,40,167,97
LED432.jpg,256,128,LED,111,85,123,98
LED432.jpg,256,128,LED,124,86,133,95
LED501.jpg,256,128,LED,80,20,189,128
LED631.jpg,256,128,LED,75,10,114,32
LED631.jpg,256,128,LED,75,20,239,106
LED588.jpg,256,128,LED,92,39,170,128
LED016.jpg,256,128,LED,31,4,221,124
LED273.jpg,256,128,LED,96,38,179,126
LED261.jpg,256,128,LED,6,32,82,100
LED261.jpg,256,128,LED,86,30,162,91
LED261.jpg,256,128,LED,178,29,254,93
LED884.jpg,256,128,LED,133,85,161,105
LED884.jpg,256,128,LED,187,43,205,56
LED884.jpg,256,128,LED,155,67,179,84
LED901.jpg,256,128,LED,5,3,36,36
LED901.jpg,256,128,LED,39,12,72,52
LED901.jpg,256,128,LED,74,31,111,73
LED901.jpg,256,128,LED,111,51,154,95
LED901.jpg,256,128,LED,156,72,199,113
LED901.jpg,256,128,LED,207,90,246,128
LED389.jpg,256,128,LED,20,4,244,128
LED023.jpg,256,128,LED,86,22,160,128
LED527.jpg,256,128,LED,23,57,51,77
LED527.jpg,256,128,LED,84,71,108,89
LED527.jpg,256,128,LED,104,73,131,93
LED527.jpg,256,128,LED,139,6,172,31
LED527.jpg,256,128,LED,186,20,203,41
LED527.jpg,256,128,LED,215,31,238,51
LED658.jpg,256,128,LED,27,14,64,128
LED658.jpg,256,128,LED,85,12,114,128
LED658.jpg,256,128,LED,140,12,173,128
LED658.jpg,256,128,LED,195,11,225,128
LED842.jpg,256,128,LED,9,19,61,84
LED842.jpg,256,128,LED,62,40,119,128
LED842.jpg,256,128,LED,121,58,182,128
LED842.jpg,256,128,LED,188,63,247,128
LED530.jpg,256,128,LED,84,36,163,55
LED530.jpg,256,128,LED,85,59,169,75
LED530.jpg,256,128,LED,82,77,165,98
LED521.jpg,256,128,LED,92,18,162,128
led_2_25.jpeg,272,185,LED,61,3,220,157
LED904.jpg,256,128,LED,63,39,117,82
LED659.jpg,256,128,LED,116,22,134,103
LED010.jpg,256,128,LED,48,21,219,128
LED387.jpg,256,128,LED,7,6,81,128
LED387.jpg,256,128,LED,91,3,165,128
LED387.jpg,256,128,LED,182,4,253,128
LED582.jpg,256,128,LED,21,2,238,79
LED532.jpg,256,128,LED,106,94,137,118
LED532.jpg,256,128,LED,75,75,95,91
LED532.jpg,256,128,LED,65,44,82,62
LED532.jpg,256,128,LED,80,19,96,35
LED532.jpg,256,128,LED,102,51,118,63
LED532.jpg,256,128,LED,207,51,221,64
LED532.jpg,256,128,LED,154,54,164,64
LED429.jpg,256,128,LED,35,25,227,116
led_1_50.jpeg,200,206,LED,16,7,190,200
LED645.jpg,256,128,LED,29,43,256,84
LED657.jpg,256,128,LED,4,9,251,122
LED843.jpg,256,128,LED,26,11,116,128
led_1_7.jpeg,225,225,LED,34,39,199,200
LED410.jpg,256,128,LED,68,49,185,128
LED537.jpg,256,128,LED,121,77,167,126
LED417.jpg,256,128,LED,24,33,132,68
LED417.jpg,256,128,LED,98,2,206,35
LED417.jpg,256,128,LED,12,69,120,104
LED417.jpg,256,128,LED,104,85,213,128
LED394.jpg,256,128,LED,74,18,168,40
LED509.jpg,256,128,LED,57,49,232,80
LED509.jpg,256,128,LED,110,4,187,43
LED509.jpg,256,128,LED,14,99,65,123
LED662.jpg,256,128,LED,68,14,163,124
LED439.jpg,256,128,LED,9,41,256,78
LED583.jpg,256,128,LED,62,20,200,114
LED276.jpg,256,128,LED,19,36,44,103
LED276.jpg,256,128,LED,56,9,78,110
LED276.jpg,256,128,LED,80,17,101,110
LED276.jpg,256,128,LED,108,25,133,106
LED276.jpg,256,128,LED,145,21,170,114
LED276.jpg,256,128,LED,178,27,198,112
LED276.jpg,256,128,LED,210,37,233,112
LED722.jpg,256,128,LED,17,22,53,101
LED722.jpg,256,128,LED,64,23,100,99
LED722.jpg,256,128,LED,106,26,154,67
LED722.jpg,256,128,LED,158,24,196,106
LED722.jpg,256,128,LED,199,25,237,102
LED903.jpg,256,128,LED,21,39,240,71
LED572.jpg,256,128,LED,34,33,57,106
LED572.jpg,256,128,LED,61,29,90,103
LED572.jpg,256,128,LED,102,25,131,108
LED572.jpg,256,128,LED,137,30,167,111
LED572.jpg,256,128,LED,175,19,221,110
LED529.jpg,256,128,LED,62,24,100,68
LED001.jpg,256,128,LED,127,1,167,43
LED484.jpg,256,128,LED,94,33,168,110
LED661.jpg,256,128,LED,72,26,236,100
LED400.jpg,256,128,LED,143,44,196,72
LED519.jpg,256,128,LED,33,1,125,87
LED851.jpg,256,128,LED,58,41,97,110
LED525.jpg,256,128,LED,64,95,116,126
LED525.jpg,256,128,LED,52,60,87,82
LED525.jpg,256,128,LED,137,55,176,71
LED525.jpg,256,128,LED,131,73,172,93
LED525.jpg,256,128,LED,65,22,96,32
LED525.jpg,256,128,LED,74,46,110,66
LED893.jpg,256,128,LED,97,17,151,117
LED637.jpg,256,128,LED,126,18,244,76
LED497.jpg,256,128,LED,23,13,218,119
LED512.jpg,256,128,LED,22,57,43,85
LED512.jpg,256,128,LED,48,67,69,89
LED512.jpg,256,128,LED,54,92,75,107
LED512.jpg,256,128,LED,71,12,94,30
LED512.jpg,256,128,LED,84,51,95,62
LED512.jpg,256,128,LED,60,57,75,69
LED512.jpg,256,128,LED,97,52,113,65
LED848.jpg,256,128,LED,78,33,184,122
led_1_4.jpeg,224,225,LED,98,21,208,129
LED640.jpg,256,128,LED,33,25,220,97
LED007.jpg,256,128,LED,45,1,248,128
led_1_9.jpeg,225,225,LED,8,40,225,181
LED528.jpg,256,128,LED,20,12,215,110
LED630.jpg,256,128,LED,88,27,155,125
LED584.jpg,256,128,LED,80,19,175,128
led_1_27.jpeg,225,225,LED,79,20,174,110
LED316.jpg,256,128,LED,132,38,218,52
LED316.jpg,256,128,LED,144,68,220,78
LED316.jpg,256,128,LED,12,79,87,92
LED395.jpg,256,128,LED,31,11,223,85
LED585.jpg,256,128,LED,154,37,189,89
LED421.jpg,256,128,LED,184,65,228,108
led_1_5.jpeg,225,225,LED,23,45,204,191
LED396.jpg,256,128,LED,109,53,130,68
LED396.jpg,256,128,LED,108,38,170,85
LED628.jpg,256,128,LED,34,21,80,109
LED628.jpg,256,128,LED,100,33,149,122
LED628.jpg,256,128,LED,149,19,192,59
LED418.jpg,256,128,LED,11,14,132,90
LED418.jpg,256,128,LED,138,39,244,118
LED444.jpg,256,128,LED,24,29,87,118
LED444.jpg,256,128,LED,98,29,154,118
LED444.jpg,256,128,LED,168,30,230,120
LED494.jpg,256,128,LED,127,110,163,127
LED494.jpg,256,128,LED,186,88,220,100
LED494.jpg,256,128,LED,68,104,105,120
LED263.jpg,256,128,LED,169,5,254,121
LED263.jpg,256,128,LED,5,6,256,123
LED579.jpg,256,128,LED,87,10,155,128
LED897.jpg,256,128,LED,80,6,181,107
LED654.jpg,256,128,LED,35,33,238,107
LED403.jpg,256,128,LED,92,23,157,117
LED405.jpg,256,128,LED,71,29,107,61
LED405.jpg,256,128,LED,119,50,166,82
LED405.jpg,256,128,LED,52,63,96,89
LED272.jpg,256,128,LED,115,13,165,43
LED272.jpg,256,128,LED,68,42,177,80
LED272.jpg,256,128,LED,41,81,163,115
LED440.jpg,256,128,LED,8,14,231,97
LED510.jpg,256,128,LED,72,11,101,71
LED510.jpg,256,128,LED,116,6,138,73
LED510.jpg,256,128,LED,165,1,197,78
LED510.jpg,256,128,LED,140,8,161,62
LED510.jpg,256,128,LED,39,13,63,67
LED510.jpg,256,128,LED,15,15,32,65
LED443.jpg,256,128,LED,16,43,144,104
LED854.jpg,256,128,LED,35,39,96,128
LED854.jpg,256,128,LED,163,40,216,128
LED423.jpg,256,128,LED,87,67,133,93
LED423.jpg,256,128,LED,118,41,163,67
LED423.jpg,256,128,LED,161,59,204,80
LED423.jpg,256,128,LED,160,88,205,108
LED423.jpg,256,128,LED,82,95,131,120
LED504.jpg,256,128,LED,48,35,212,98
LED496.jpg,256,128,LED,34,45,60,58
LED496.jpg,256,128,LED,82,9,175,28
LED496.jpg,256,128,LED,155,46,241,70
LED496.jpg,256,128,LED,105,99,198,117
LED434.jpg,256,128,LED,70,46,110,98
LED500.jpg,256,128,LED,11,3,109,45
LED500.jpg,256,128,LED,90,12,235,88
LED402.jpg,256,128,LED,89,19,183,97
LED656.jpg,256,128,LED,87,19,176,128
LED426.jpg,256,128,LED,27,54,114,88
LED632.jpg,256,128,LED,66,8,251,97
led_1_8.jpeg,150,150,LED,8,13,147,145
led_1_2.jpeg,225,225,LED,18,18,215,217
LED900.jpg,256,128,LED,26,23,54,111
LED900.jpg,256,128,LED,55,24,86,114
LED900.jpg,256,128,LED,89,21,119,111
LED900.jpg,256,128,LED,115,19,149,90
LED900.jpg,256,128,LED,152,18,178,67
LED900.jpg,256,128,LED,182,17,225,71
LED518.jpg,256,128,LED,128,88,149,102
LED518.jpg,256,128,LED,130,108,145,118
LED518.jpg,256,128,LED,37,17,49,28
LED518.jpg,256,128,LED,165,50,183,58
LED972.jpg,256,128,LED,95,6,159,128
LED573.jpg,256,128,LED,87,13,163,81
LED964.jpg,256,128,LED,10,36,106,83
LED964.jpg,256,128,LED,119,69,244,128
LED964.jpg,256,128,LED,113,35,201,67
LED964.jpg,256,128,LED,55,4,108,31
LED390.jpg,256,128,LED,52,39,133,118
LED390.jpg,256,128,LED,130,12,197,92
LED390.jpg,256,128,LED,66,4,131,42
LED571.jpg,256,128,LED,104,32,130,46
LED571.jpg,256,128,LED,187,21,213,40
LED571.jpg,256,128,LED,90,7,129,27
LED571.jpg,256,128,LED,36,5,59,25
LED725.jpg,256,128,LED,97,30,161,115
LED315.jpg,256,128,LED,87,35,99,47
LED315.jpg,256,128,LED,112,38,124,51
LED315.jpg,256,128,LED,90,61,98,71
LED315.jpg,256,128,LED,125,63,137,73
LED315.jpg,256,128,LED,142,33,152,43
LED315.jpg,256,128,LED,131,43,140,51
LED315.jpg,256,128,LED,151,52,158,63
LED399.jpg,256,128,LED,90,9,122,128
LED399.jpg,256,128,LED,131,9,159,122
LED399.jpg,256,128,LED,190,13,239,72
LED436.jpg,256,128,LED,105,62,133,91
LED002.jpg,256,128,LED,115,27,183,60
LED002.jpg,256,128,LED,51,57,123,95
LED002.jpg,256,128,LED,131,63,198,98
LED383.jpg,256,128,LED,145,47,164,57
LED383.jpg,256,128,LED,147,60,159,69
LED383.jpg,256,128,LED,148,72,163,80
LED383.jpg,256,128,LED,149,89,163,96
LED383.jpg,256,128,LED,70,63,82,71
LED383.jpg,256,128,LED,74,75,96,85
LED383.jpg,256,128,LED,29,73,63,82
LED383.jpg,256,128,LED,60,35,87,49
LED383.jpg,256,128,LED,27,35,48,50
LED392.jpg,256,128,LED,44,30,92,77
LED392.jpg,256,128,LED,111,16,168,65
LED392.jpg,256,128,LED,207,2,253,40
LED392.jpg,256,128,LED,191,84,251,128
led_1_41.jpeg,259,194,LED,46,33,239,154
LED643.jpg,256,128,LED,88,88,125,108
LED643.jpg,256,128,LED,107,73,137,92
LED643.jpg,256,128,LED,39,100,83,126
LED643.jpg,256,128,LED,2,52,28,80
LED643.jpg,256,128,LED,209,50,231,66
LED643.jpg,256,128,LED,90,45,108,57
LED264.jpg,256,128,LED,68,14,171,128
LED411.jpg,256,128,LED,32,41,96,115
LED411.jpg,256,128,LED,98,20,149,93
LED411.jpg,256,128,LED,152,27,219,128
LED524.jpg,256,128,LED,157,36,219,107
LED409.jpg,256,128,LED,8,18,49,101
LED409.jpg,256,128,LED,60,1,103,128
LED409.jpg,256,128,LED,115,4,144,124
LED409.jpg,256,128,LED,155,16,186,111
LED409.jpg,256,128,LED,200,6,237,119
LED642.jpg,256,128,LED,42,89,83,102
LED642.jpg,256,128,LED,94,10,112,20
LED381.jpg,256,128,LED,7,8,138,93
led_1_6.jpeg,259,194,LED,16,44,236,151
LED724.jpg,256,128,LED,5,9,113,86
LED724.jpg,256,128,LED,136,1,245,106
LED256.jpg,256,128,LED,30,25,146,109
LED025.jpg,256,128,LED,55,40,162,69
led_1_32.jpeg,223,226,LED,129,65,179,113
led_1_32.jpeg,223,226,LED,47,52,95,93
led_1_32.jpeg,223,226,LED,1,93,107,155
led_1_32.jpeg,223,226,LED,127,137,177,191
LED491.jpg,256,128,LED,39,33,66,49
LED491.jpg,256,128,LED,41,96,96,111
LED491.jpg,256,128,LED,64,29,86,47
LED435.jpg,256,128,LED,33,56,67,127
LED435.jpg,256,128,LED,67,46,100,128
LED435.jpg,256,128,LED,106,43,139,128
LED435.jpg,256,128,LED,147,43,174,128
LED435.jpg,256,128,LED,180,39,207,128
LED435.jpg,256,128,LED,209,35,241,77
LED535.jpg,256,128,LED,32,12,229,93
LED641.jpg,256,128,LED,1,3,195,94
LED531.jpg,256,128,LED,7,35,184,114
led_1_39.jpeg,200,200,LED,114,100,199,192
LED969.jpg,256,128,LED,82,11,183,119
LED660.jpg,256,128,LED,65,43,111,68
LED660.jpg,256,128,LED,161,48,175,61
LED660.jpg,256,128,LED,147,37,157,46
LED891.jpg,256,128,LED,154,76,197,95
LED891.jpg,256,128,LED,112,63,144,78
LED891.jpg,256,128,LED,171,95,213,118
LED891.jpg,256,128,LED,86,51,111,78
LED515.jpg,256,128,LED,165,3,231,23
LED515.jpg,256,128,LED,117,30,226,53
LED515.jpg,256,128,LED,115,56,232,80
LED515.jpg,256,128,LED,138,76,244,103
LED431.jpg,256,128,LED,6,23,52,128
LED431.jpg,256,128,LED,50,23,110,128
LED431.jpg,256,128,LED,150,9,247,128
LED260.jpg,256,128,LED,110,16,133,37
LED260.jpg,256,128,LED,49,35,204,60
led_1_59.jpeg,316,160,LED,9,9,308,154
LED634.jpg,256,128,LED,13,37,237,97
led_1_25.jpeg,225,225,LED,3,77,155,197
led_1_3.jpeg,225,225,LED,97,9,121,32
led_1_3.jpeg,225,225,LED,1,8,217,222
LED380.jpg,256,128,LED,132,38,230,58
LED380.jpg,256,128,LED,131,58,192,85
LED380.jpg,256,128,LED,11,20,133,65
LED380.jpg,256,128,LED,5,66,121,95
LED003.jpg,256,128,LED,69,21,183,105
LED892.jpg,256,128,LED,80,13,171,116
LED487.jpg,256,128,LED,62,67,90,90
LED433.jpg,256,128,LED,6,46,111,85
LED017.jpg,256,128,LED,50,54,138,96
LED428.jpg,256,128,LED,24,62,239,92
LED441.jpg,256,128,LED,72,46,97,68
LED441.jpg,256,128,LED,123,85,155,118
LED441.jpg,256,128,LED,102,36,132,66
LED441.jpg,256,128,LED,5,31,30,57
LED441.jpg,256,128,LED,188,91,214,115
LED485.jpg,256,128,LED,93,77,139,103
led_1_47.jpeg,225,225,LED,43,72,194,166
LED490.jpg,256,128,LED,75,37,178,96
LED646.jpg,256,128,LED,15,21,226,128
LED495.jpg,256,128,LED,87,22,200,128
LED578.jpg,256,128,LED,71,55,240,122
LED847.jpg,256,128,LED,68,23,97,55
LED847.jpg,256,128,LED,100,23,133,55
LED847.jpg,256,128,LED,138,26,165,53
LED847.jpg,256,128,LED,168,26,193,54
LED840.jpg,256,128,LED,15,15,133,114
LED840.jpg,256,128,LED,178,14,236,126
LED422.jpg,256,128,LED,65,47,106,85
LED422.jpg,256,128,LED,137,23,173,69
LED845.jpg,256,128,LED,17,52,116,85
LED845.jpg,256,128,LED,72,20,84,38
LED845.jpg,256,128,LED,98,21,109,38
LED845.jpg,256,128,LED,141,25,151,43
LED576.jpg,256,128,LED,14,81,49,102
LED576.jpg,256,128,LED,91,74,113,125
LED576.jpg,256,128,LED,163,77,250,97
LED576.jpg,256,128,LED,167,30,187,54
LED576.jpg,256,128,LED,191,39,221,65
LED576.jpg,256,128,LED,71,37,102,58
LED576.jpg,256,128,LED,11,57,37,79
LED576.jpg,256,128,LED,41,50,67,72
LED576.jpg,256,128,LED,105,18,140,37
LED576.jpg,256,128,LED,105,33,133,51
LED652.jpg,256,128,LED,47,14,234,110
LED416.jpg,256,128,LED,39,41,115,119
LED591.jpg,256,128,LED,21,26,90,61
LED574.jpg,256,128,LED,140,20,197,108
LED382.jpg,256,128,LED,42,4,145,78
LED382.jpg,256,128,LED,200,2,256,55
LED386.jpg,256,128,LED,22,28,197,128
LED895.jpg,256,128,LED,117,60,159,98
LED895.jpg,256,128,LED,132,33,152,49
LED895.jpg,256,128,LED,78,93,125,128
LED895.jpg,256,128,LED,76,46,96,64
LED895.jpg,256,128,LED,188,46,211,73
LED887.jpg,256,128,LED,17,19,133,76
LED511.jpg,256,128,LED,7,47,254,80
LED651.jpg,256,128,LED,45,2,251,128
led_1_57.jpeg,225,225,LED,111,95,202,196
LED266.jpg,256,128,LED,44,42,87,98
LED266.jpg,256,128,LED,15,3,51,45
LED266.jpg,256,128,LED,211,57,255,121
LED852.jpg,256,128,LED,8,12,121,101
LED852.jpg,256,128,LED,114,24,251,128
LED592.jpg,256,128,LED,89,14,174,128
LED384.jpg,256,128,LED,99,26,167,96
LED262.jpg,256,128,LED,7,31,252,72
LED483.jpg,256,128,LED,12,41,49,125
LED483.jpg,256,128,LED,55,39,87,128
LED483.jpg,256,128,LED,90,43,127,128
LED483.jpg,256,128,LED,137,57,173,125
LED483.jpg,256,128,LED,177,62,216,128
LED483.jpg,256,128,LED,218,66,250,128
LED407.jpg,256,128,LED,14,9,238,117
led_1_31.jpeg,244,207,LED,7,15,241,207
LED415.jpg,256,128,LED,66,43,132,84
LED570.jpg,256,128,LED,12,68,41,97
LED570.jpg,256,128,LED,50,54,81,79
LED570.jpg,256,128,LED,58,79,89,109
LED570.jpg,256,128,LED,117,91,146,118
LED570.jpg,256,128,LED,96,64,126,93
LED570.jpg,256,128,LED,82,46,103,66
LED570.jpg,256,128,LED,111,33,131,57
LED570.jpg,256,128,LED,127,53,152,76
LED570.jpg,256,128,LED,148,74,179,106
led_1_0.jpeg,225,225,LED,80,9,103,32
led_1_0.jpeg,225,225,LED,92,37,192,136
LED493.jpg,256,128,LED,9,48,229,89
LED508.jpg,256,128,LED,82,41,107,59
LED508.jpg,256,128,LED,108,25,135,47
LED508.jpg,256,128,LED,139,23,161,41
LED844.jpg,256,128,LED,8,47,128,116
LED844.jpg,256,128,LED,122,6,241,67
LED513.jpg,256,128,LED,116,75,148,128
LED277.jpg,256,128,LED,86,45,165,128
LED966.jpg,256,128,LED,56,13,104,128
LED966.jpg,256,128,LED,109,15,151,80
LED966.jpg,256,128,LED,152,19,201,128
LED882.jpg,256,128,LED,61,30,207,58
LED401.jpg,256,128,LED,59,14,105,128
LED401.jpg,256,128,LED,105,15,151,128
LED401.jpg,256,128,LED,153,14,198,128
LED526.jpg,256,128,LED,29,15,150,45
LED522.jpg,256,128,LED,9,13,74,125
LED522.jpg,256,128,LED,90,16,153,127
LED522.jpg,256,128,LED,167,14,231,128
LED590.jpg,256,128,LED,55,5,105,41
LED590.jpg,256,128,LED,107,20,153,53
LED590.jpg,256,128,LED,149,28,200,70
LED590.jpg,256,128,LED,190,52,238,87
LED419.jpg,256,128,LED,56,73,108,121
LED419.jpg,256,128,LED,125,71,188,116
LED581.jpg,256,128,LED,120,33,201,109
LED639.jpg,256,128,LED,66,43,111,66
LED639.jpg,256,128,LED,120,27,179,53
LED639.jpg,256,128,LED,135,53,192,74
LED639.jpg,256,128,LED,179,88,234,115
LED639.jpg,256,128,LED,195,22,256,47
LED639.jpg,256,128,LED,109,74,171,98
LED019.jpg,256,128,LED,47,49,83,73
LED019.jpg,256,128,LED,81,22,114,45
LED019.jpg,256,128,LED,140,23,165,44
LED019.jpg,256,128,LED,164,52,198,73
LED019.jpg,256,128,LED,79,77,108,96
resistor_1_21.jpeg,194,194,resistor,20,36,75,95
resistor_1_21.jpeg,194,194,resistor,106,111,160,173
resistor_0_28.jpeg,354,142,resistor,124,42,214,98
resistor_1_26.jpeg,150,135,resistor,31,30,119,129
resistor_0_33.jpeg,225,224,resistor,82,63,155,153
resistor_1_77.jpeg,225,225,resistor,64,99,156,163
resistor_1_68.jpeg,225,225,resistor,85,84,130,134
resistor_1_47.jpeg,225,191,resistor,65,65,171,124
resistor_1_60.jpeg,251,201,resistor,39,19,204,193
resistor_1_40.jpeg,217,232,resistor,68,98,161,145
resistor_1_59.jpeg,259,194,resistor,106,77,142,118
resistor_1_71.jpeg,224,224,resistor,91,83,141,139
resistor_1_71.jpeg,224,224,resistor,62,110,119,164
resistor_1_71.jpeg,224,224,resistor,38,140,86,192
resistor_1_71.jpeg,224,224,resistor,147,37,201,85
resistor_1_71.jpeg,224,224,resistor,120,59,171,113
resistor_0_22.jpeg,225,225,resistor,74,71,161,146
resistor_1_62.jpeg,225,225,resistor,137,92,156,108
resistor_1_62.jpeg,225,225,resistor,75,116,98,134
resistor_1_62.jpeg,225,225,resistor,90,102,114,120
resistor_1_62.jpeg,225,225,resistor,116,96,131,119
resistor_0_83.jpeg,293,172,resistor,106,48,171,98
resistor_0_30.jpeg,362,139,resistor,104,33,254,114
resistor_0_16.jpeg,313,161,resistor,105,46,199,113
resistor_1_56.jpeg,563,89,resistor,232,17,322,75
resistor_0_35.jpeg,282,179,resistor,94,60,176,123
resistor_0_54.jpeg,360,140,resistor,80,15,270,114
resistor_0_59.jpeg,286,176,resistor,66,35,221,141
resistor_1_73.jpeg,224,224,resistor,35,6,191,78
resistor_1_73.jpeg,224,224,resistor,36,83,197,159
resistor_1_73.jpeg,224,224,resistor,44,164,186,224
resistor_1_74.jpeg,225,225,resistor,63,10,159,62
resistor_1_74.jpeg,225,225,resistor,66,64,150,107
resistor_1_74.jpeg,225,225,resistor,67,116,157,156
resistor_1_74.jpeg,225,225,resistor,62,162,150,213
resistor_0_56.jpeg,298,169,resistor,124,40,199,118
resistor_1_72.jpeg,220,220,resistor,79,79,132,128
resistor_1_90.jpeg,225,225,resistor,144,64,189,96
resistor_1_90.jpeg,225,225,resistor,120,84,170,114
resistor_1_90.jpeg,225,225,resistor,97,96,140,129
resistor_1_90.jpeg,225,225,resistor,71,116,112,149
resistor_1_90.jpeg,225,225,resistor,45,134,91,172
resistor_1_8.jpeg,225,225,resistor,64,79,157,170
resistor_0_62.png,290,174,resistor,113,54,185,131
resistor_0_90.jpeg,258,195,resistor,216,83,249,144
resistor_0_90.jpeg,258,195,resistor,143,73,209,131
resistor_0_90.jpeg,258,195,resistor,84,44,162,105
resistor_0_90.jpeg,258,195,resistor,6,9,118,75
resistor_1_4.jpeg,224,224,resistor,44,39,185,201
resistor_1_37.jpeg,225,225,resistor,105,71,154,129
resistor_1_41.png,275,183,resistor,94,64,187,132
resistor_1_54.jpeg,220,220,resistor,79,74,127,125
resistor_1_39.jpeg,225,210,resistor,86,74,142,140
resistor_1_85.jpeg,225,225,resistor,50,42,120,95
resistor_1_85.jpeg,225,225,resistor,81,85,149,132
resistor_1_85.jpeg,225,225,resistor,118,119,176,168
resistor_0_66.jpeg,276,183,resistor,113,10,196,50
resistor_0_66.jpeg,276,183,resistor,16,146,109,183
resistor_0_66.jpeg,276,183,resistor,46,107,131,151
resistor_0_66.jpeg,276,183,resistor,68,69,154,114
resistor_0_39.jpeg,318,158,resistor,123,54,205,113
resistor_1_29.jpeg,225,225,resistor,75,89,123,134
resistor_0_64.jpeg,225,225,resistor,65,75,97,95
resistor_1_82.jpeg,200,200,resistor,84,81,124,127
resistor_1_42.jpeg,267,189,resistor,119,19,175,43
resistor_1_42.jpeg,267,189,resistor,106,44,168,78
resistor_1_42.jpeg,267,189,resistor,102,73,169,111
resistor_1_42.jpeg,267,189,resistor,94,103,161,136
resistor_1_42.jpeg,267,189,resistor,82,129,160,180
resistor_0_25.jpeg,331,152,resistor,112,46,194,98
resistor_0_61.jpeg,225,225,resistor,74,68,146,148
resistor_1_36.jpeg,518,97,resistor,221,2,296,42
resistor_1_36.jpeg,518,97,resistor,239,53,320,94
resistor_1_7.jpeg,278,181,resistor,80,55,204,145
resistor_0_27.jpeg,225,225,resistor,47,49,110,124
resistor_0_27.jpeg,225,225,resistor,103,130,187,186
resistor_1_15.jpeg,224,224,resistor,23,23,192,195
resistor_0_85.jpeg,291,173,resistor,120,56,192,116
resistor_1_91.jpeg,200,200,resistor,74,85,122,115
resistor_1_64.jpeg,225,225,resistor,18,66,214,192
resistor_0_95.jpeg,287,175,resistor,102,83,144,113
resistor_0_95.jpeg,287,175,resistor,114,67,158,93
resistor_0_95.jpeg,287,175,resistor,129,54,175,75
resistor_0_87.jpeg,392,129,resistor,162,46,262,93
resistor_0_42.jpeg,225,225,resistor,57,44,171,119
resistor_0_42.jpeg,225,225,resistor,51,103,201,211
resistor_0_96.jpeg,299,169,resistor,118,56,170,91
resistor_0_23.jpeg,326,155,resistor,82,40,237,117
resistor_0_45.jpeg,275,184,resistor,87,51,177,114
resistor_0_29.jpeg,363,139,resistor,136,36,244,109
resistor_0_55.jpeg,300,168,resistor,54,61,154,148
resistor_0_55.jpeg,300,168,resistor,98,36,204,106
resistor_0_55.jpeg,300,168,resistor,138,8,256,75
resistor_0_48.jpeg,260,194,resistor,94,59,162,115
resistor_1_78.jpeg,225,225,resistor,68,14,160,68
resistor_1_78.jpeg,225,225,resistor,65,60,154,113
resistor_1_78.jpeg,225,225,resistor,68,106,158,160
resistor_1_78.jpeg,225,225,resistor,61,159,162,217
resistor_0_41.jpeg,336,150,resistor,115,23,219,114
resistor_1_31.jpeg,225,225,resistor,67,78,152,128
resistor_0_63.jpeg,225,225,resistor,33,45,206,187
resistor_0_69.jpeg,296,170,resistor,117,49,192,112
resistor_1_1.jpeg,225,225,resistor,46,50,174,182
resistor_0_20.jpeg,399,126,resistor,102,22,264,96
resistor_1_92.jpeg,280,180,resistor,110,54,176,99
resistor_1_92.jpeg,280,180,resistor,150,101,178,125
resistor_1_5.jpeg,220,220,resistor,44,36,180,193
resistor_1_9.jpeg,225,225,resistor,45,57,187,168
resistor_0_36.jpeg,251,201,resistor,90,70,173,146
resistor_1_55.jpeg,225,225,resistor,75,77,96,101
resistor_1_55.jpeg,225,225,resistor,90,84,111,108
resistor_1_55.jpeg,225,225,resistor,104,96,124,118
resistor_1_55.jpeg,225,225,resistor,118,106,140,126
resistor_1_55.jpeg,225,225,resistor,133,116,153,138
resistor_0_99.jpeg,388,130,resistor,128,41,245,94
resistor_0_86.jpeg,125,125,resistor,41,32,80,93
resistor_1_43.jpeg,200,200,resistor,84,81,125,117
resistor_1_33.jpeg,250,174,resistor,85,55,154,132
resistor_0_31.jpeg,308,164,resistor,65,19,246,150
resistor_1_23.jpeg,222,227,resistor,62,123,160,211
resistor_0_93.jpeg,225,225,resistor,25,42,130,95
resistor_0_93.jpeg,225,225,resistor,57,78,163,125
resistor_0_93.jpeg,225,225,resistor,89,120,184,160
resistor_0_93.jpeg,225,225,resistor,132,145,206,189
resistor_0_32.jpeg,292,173,resistor,109,41,211,142
resistor_1_38.jpeg,216,233,resistor,91,86,125,149
resistor_1_27.png,225,225,resistor,65,59,103,97
resistor_1_27.png,225,225,resistor,136,113,174,153
resistor_1_27.png,225,225,resistor,122,104,153,137
resistor_1_27.png,225,225,resistor,103,85,143,123
resistor_1_27.png,225,225,resistor,86,72,119,110
resistor_1_97.jpeg,224,225,resistor,84,86,154,158
resistor_1_97.jpeg,224,225,resistor,43,121,112,187
resistor_1_97.jpeg,224,225,resistor,8,153,73,221
resistor_1_97.jpeg,224,225,resistor,123,50,186,117
resistor_1_97.jpeg,224,225,resistor,155,18,221,83
resistor_1_11.jpeg,225,225,resistor,6,47,205,208
resistor_0_21.jpeg,299,168,resistor,80,44,215,122
resistor_0_57.jpeg,225,225,resistor,86,69,151,150
resistor_1_66.jpeg,245,205,resistor,3,23,230,205
resistor_1_25.jpeg,225,225,resistor,26,37,87,98
resistor_1_25.jpeg,225,225,resistor,67,71,116,118
resistor_1_25.jpeg,225,225,resistor,95,96,139,143
resistor_1_25.jpeg,225,225,resistor,125,123,165,160
resistor_1_25.jpeg,225,225,resistor,162,150,181,178
resistor_1_79.jpeg,275,183,resistor,126,42,168,92
resistor_1_79.jpeg,275,183,resistor,95,67,132,114
resistor_1_79.jpeg,275,183,resistor,56,83,106,140
resistor_1_93.jpeg,225,225,resistor,93,89,129,130
resistor_1_93.jpeg,225,225,resistor,66,103,103,148
resistor_1_93.jpeg,225,225,resistor,43,117,78,162
resistor_1_93.jpeg,225,225,resistor,13,135,49,186
resistor_1_93.jpeg,225,225,resistor,169,45,206,84
resistor_1_93.jpeg,225,225,resistor,143,57,179,97
resistor_1_93.jpeg,225,225,resistor,120,73,154,110
resistor_1_48.jpeg,225,225,resistor,141,85,190,127
resistor_1_48.jpeg,225,225,resistor,113,97,146,128
resistor_1_48.jpeg,225,225,resistor,81,99,111,131
resistor_1_48.jpeg,225,225,resistor,43,96,80,142
resistor_0_88.jpeg,420,120,resistor,126,34,275,90
resistor_1_18.jpeg,258,195,resistor,73,70,168,146
resistor_1_81.jpeg,225,225,resistor,11,50,62,171
resistor_1_81.jpeg,225,225,resistor,163,49,213,180
resistor_1_81.jpeg,225,225,resistor,126,46,168,170
resistor_1_50.jpeg,225,225,resistor,45,73,171,186
resistor_1_30.jpeg,225,225,resistor,9,3,82,92
resistor_1_30.jpeg,225,225,resistor,146,142,221,225
resistor_1_30.jpeg,225,225,resistor,115,113,188,186
resistor_1_30.jpeg,225,225,resistor,78,73,156,147
resistor_1_30.jpeg,225,225,resistor,38,37,121,116
resistor_1_13.jpeg,225,225,resistor,19,23,209,201
resistor_0_75.jpeg,267,189,resistor,124,20,167,46
resistor_0_75.jpeg,267,189,resistor,108,45,167,74
resistor_0_75.jpeg,267,189,resistor,102,74,160,107
resistor_0_75.jpeg,267,189,resistor,96,105,148,138
resistor_0_75.jpeg,267,189,resistor,80,132,161,178
resistor_0_24.jpeg,349,144,resistor,121,38,235,107
resistor_0_84.jpeg,304,166,resistor,122,40,202,112
resistor_0_80.jpeg,125,125,resistor,35,14,96,114
resistor_0_65.jpeg,275,183,resistor,98,50,176,114
resistor_0_68.jpeg,234,216,resistor,78,66,114,95
resistor_0_68.jpeg,234,216,resistor,94,83,128,110
resistor_0_68.jpeg,234,216,resistor,121,115,153,142
resistor_0_68.jpeg,234,216,resistor,108,95,146,121
resistor_0_19.jpeg,306,165,resistor,85,43,201,111
resistor_1_94.jpeg,225,225,resistor,28,33,86,86
resistor_1_94.jpeg,225,225,resistor,60,58,114,115
resistor_1_94.jpeg,225,225,resistor,81,88,140,144
resistor_1_94.jpeg,225,225,resistor,113,121,162,178
resistor_1_94.jpeg,225,225,resistor,136,149,191,205
resistor_0_79.jpeg,225,225,resistor,45,39,187,183
resistor_1_32.jpeg,200,200,resistor,77,80,129,118
resistor_1_45.jpeg,225,205,resistor,91,55,146,144
resistor_1_53.jpeg,236,213,resistor,59,22,156,109
resistor_1_53.jpeg,236,213,resistor,135,95,180,143
resistor_1_53.jpeg,236,213,resistor,122,74,163,115
resistor_0_18.jpeg,225,225,resistor,42,38,190,187
resistor_1_52.jpeg,225,225,resistor,26,40,81,97
resistor_1_52.jpeg,225,225,resistor,72,76,122,127
resistor_1_52.jpeg,225,225,resistor,114,104,162,146
resistor_1_52.jpeg,225,225,resistor,155,138,188,171
resistor_0_46.jpeg,377,134,resistor,93,16,253,120
resistor_0_17.jpeg,280,180,resistor,81,51,223,138
resistor_1_44.jpeg,225,225,resistor,74,88,165,139
resistor_0_50.jpeg,225,225,resistor,75,64,169,178
resistor_0_26.jpeg,384,131,resistor,89,9,274,110
resistor_1_2.jpeg,225,225,resistor,69,64,163,164
resistor_1_87.png,225,225,resistor,90,79,128,138
resistor_1_22.jpeg,224,224,resistor,75,80,159,126
resistor_1_6.jpeg,224,224,resistor,76,72,159,167
resistor_0_94.jpeg,251,201,resistor,70,77,161,131
resistor_1_12.jpeg,220,215,resistor,42,28,216,215
resistor_0_82.jpeg,267,188,resistor,106,73,171,123
resistor_0_73.jpeg,280,180,resistor,67,51,116,110
resistor_0_73.jpeg,280,180,resistor,124,102,193,151
resistor_0_73.jpeg,280,180,resistor,96,77,161,123
resistor_1_0.jpeg,225,225,resistor,38,34,196,203
resistor_0_81.jpeg,225,225,resistor,101,33,188,76
resistor_0_81.jpeg,225,225,resistor,66,76,190,166
resistor_1_10.jpeg,259,194,resistor,94,65,174,132
resistor_1_57.jpeg,225,225,resistor,97,122,134,161
resistor_1_49.jpeg,220,208,resistor,128,44,186,131
resistor_1_49.jpeg,220,208,resistor,75,170,98,192
resistor_1_49.jpeg,220,208,resistor,73,151,112,172
resistor_1_49.jpeg,220,208,resistor,83,120,128,154
resistor_0_34.jpeg,256,197,resistor,73,32,169,101
resistor_0_34.jpeg,256,197,resistor,122,101,170,132
resistor_0_34.jpeg,256,197,resistor,127,135,174,164
ceramic_cap_0_74.jpeg,251,201,ceramic capacitor ,26,12,114,106
ceramic_cap_1_87.jpeg,245,206,ceramic capacitor ,31,33,128,112
ceramic_cap_0_61.jpeg,225,225,ceramic capacitor ,11,1,112,104
ceramic_cap_1_47.jpeg,225,225,ceramic capacitor ,102,10,179,100
ceramic_cap_1_93.jpeg,275,183,ceramic capacitor ,34,7,113,80
ceramic_cap_0_25.jpeg,225,225,ceramic capacitor ,3,27,129,97
ceramic_cap_1_37.jpeg,214,235,ceramic capacitor ,3,41,68,119
ceramic_cap_1_4.jpeg,225,225,ceramic capacitor ,138,1,221,114
ceramic_cap_0_22.jpeg,224,224,ceramic capacitor ,88,6,193,104
ceramic_cap_1_39.jpeg,225,225,ceramic capacitor ,26,47,87,123
ceramic_cap_1_6.jpeg,223,226,ceramic capacitor ,10,11,110,128
ceramic_cap_1_82.jpeg,251,201,ceramic capacitor ,53,38,125,112
ceramic_cap_1_91.jpeg,251,201,ceramic capacitor ,38,47,133,106
ceramic_cap_0_97.jpeg,225,225,ceramic capacitor ,76,55,221,200
ceramic_cap_1_88.jpeg,281,179,ceramic capacitor ,159,1,278,87
ceramic_cap_1_50.jpeg,255,198,ceramic capacitor ,170,22,245,123
ceramic_cap_0_42.jpeg,239,211,ceramic capacitor ,20,3,157,117
ceramic_cap_0_79.jpeg,225,225,ceramic capacitor ,160,11,225,72
ceramic_cap_0_27.jpeg,225,225,ceramic capacitor ,2,59,104,160
ceramic_cap_1_95.jpeg,225,225,ceramic capacitor ,36,22,141,117
ceramic_cap_1_63.jpeg,225,225,ceramic capacitor ,115,6,217,78
ceramic_cap_0_33.jpeg,225,225,ceramic capacitor ,32,20,153,95
ceramic_cap_1_45.jpeg,228,221,ceramic capacitor ,23,15,135,116
ceramic_cap_0_57.jpeg,225,225,ceramic capacitor ,52,49,161,150
ceramic_cap_1_49.jpeg,225,225,ceramic capacitor ,16,38,133,152
ceramic_cap_0_95.jpeg,225,225,ceramic capacitor ,76,3,146,82
ceramic_cap_0_69.jpeg,225,225,ceramic capacitor ,34,24,158,123
ceramic_cap_0_85.jpeg,225,225,ceramic capacitor ,24,6,143,87
ceramic_cap_1_53.jpeg,245,206,ceramic capacitor ,122,37,222,136
ceramic_cap_0_82.jpeg,224,224,ceramic capacitor ,115,26,193,117
ceramic_cap_1_21.jpeg,225,225,ceramic capacitor ,12,14,96,96
ceramic_cap_0_31.jpeg,168,168,ceramic capacitor ,15,29,99,107
ceramic_cap_1_24.jpeg,270,187,ceramic capacitor ,18,13,109,91
ceramic_cap_1_28.jpeg,224,225,ceramic capacitor ,130,9,209,97
ceramic_cap_0_80.jpeg,225,225,ceramic capacitor ,97,81,145,129
ceramic_cap_0_45.jpeg,168,168,ceramic capacitor ,24,11,126,108
ceramic_cap_0_67.jpeg,225,225,ceramic capacitor ,63,1,167,110
ceramic_cap_0_34.jpeg,225,225,ceramic capacitor ,35,10,136,114
ceramic_cap_1_72.jpeg,225,225,ceramic capacitor ,2,7,129,118
ceramic_cap_0_20.jpeg,225,225,ceramic capacitor ,10,75,125,187
ceramic_cap_1_29.jpeg,225,225,ceramic capacitor ,126,11,211,98
ceramic_cap_1_31.jpeg,180,172,ceramic capacitor ,7,15,92,88
ceramic_cap_1_73.jpeg,212,200,ceramic capacitor ,19,18,103,97
ceramic_cap_0_92.jpeg,125,94,ceramic capacitor ,57,3,98,41
ceramic_cap_0_93.png,84,232,ceramic capacitor ,26,84,61,126
ceramic_cap_1_42.jpeg,206,245,ceramic capacitor ,6,6,123,126
ceramic_cap_1_56.jpeg,225,225,ceramic capacitor ,113,13,225,100
ceramic_cap_0_87.png,210,210,ceramic capacitor ,87,53,129,90
ceramic_cap_0_75.jpeg,225,225,ceramic capacitor ,25,53,92,92
ceramic_cap_0_75.jpeg,225,225,ceramic capacitor ,22,94,98,149
ceramic_cap_0_75.jpeg,225,225,ceramic capacitor ,113,66,174,117
ceramic_cap_1_27.jpeg,225,225,ceramic capacitor ,17,12,109,117
ceramic_cap_1_7.jpeg,225,225,ceramic capacitor ,14,12,85,80
ceramic_cap_1_92.jpeg,251,201,ceramic capacitor ,28,17,139,117
ceramic_cap_1_70.jpeg,224,224,ceramic capacitor ,5,11,133,144
ceramic_cap_0_28.jpeg,225,225,ceramic capacitor ,39,30,143,98
ceramic_cap_1_58.jpeg,255,198,ceramic capacitor ,125,8,232,108
ceramic_cap_1_46.jpeg,180,280,ceramic capacitor ,5,4,84,97
ceramic_cap_1_44.jpeg,225,225,ceramic capacitor ,73,21,143,87
ceramic_cap_1_44.jpeg,225,225,ceramic capacitor ,140,55,217,137
ceramic_cap_1_64.jpeg,260,194,ceramic capacitor ,13,1,100,65
ceramic_cap_0_71.jpeg,224,224,ceramic capacitor ,50,56,112,106
ceramic_cap_0_71.jpeg,224,224,ceramic capacitor ,111,48,164,100
ceramic_cap_0_71.jpeg,224,224,ceramic capacitor ,56,107,117,147
ceramic_cap_0_71.jpeg,224,224,ceramic capacitor ,114,99,153,156
ceramic_cap_1_41.jpeg,278,181,ceramic capacitor ,5,9,77,57
ceramic_cap_1_55.jpeg,280,180,ceramic capacitor ,2,7,94,108
ceramic_cap_0_40.jpeg,225,225,ceramic capacitor ,82,25,205,173
ceramic_cap_1_74.jpeg,225,225,ceramic capacitor ,59,35,157,94
ceramic_cap_1_23.jpeg,257,196,ceramic capacitor ,75,27,161,113
ceramic_cap_0_68.jpeg,225,225,ceramic capacitor ,22,27,140,137
ceramic_cap_1_79.jpeg,298,169,ceramic capacitor ,6,5,114,75
ceramic_cap_0_91.jpeg,184,274,ceramic capacitor ,4,4,97,108
ceramic_cap_1_15.jpeg,214,236,ceramic capacitor ,7,5,100,97
ceramic_cap_1_54.jpeg,225,225,ceramic capacitor ,4,32,135,139
ceramic_cap_0_64.jpeg,225,225,ceramic capacitor ,38,11,147,100
ceramic_cap_0_46.jpeg,225,225,ceramic capacitor ,104,71,160,115
ceramic_cap_1_3.jpeg,210,240,ceramic capacitor ,17,6,107,101
ceramic_cap_1_16.jpeg,213,236,ceramic capacitor ,4,2,113,113
ceramic_cap_0_55.jpeg,225,225,ceramic capacitor ,53,60,163,168
ceramic_cap_1_98.jpeg,251,201,ceramic capacitor ,44,32,133,101
ceramic_cap_1_80.jpeg,197,256,ceramic capacitor ,87,3,197,72
ceramic_cap_1_35.jpeg,225,225,ceramic capacitor ,36,14,102,93
ceramic_cap_1_9.jpeg,223,226,ceramic capacitor ,5,10,129,124
ceramic_cap_1_33.jpeg,260,194,ceramic capacitor ,164,16,225,100
ceramic_cap_0_36.jpeg,275,184,ceramic capacitor ,173,2,271,123
ceramic_cap_0_30.jpeg,168,168,ceramic capacitor ,3,3,112,106
ceramic_cap_0_58.jpeg,243,208,ceramic capacitor ,100,3,158,53
ceramic_cap_0_58.jpeg,243,208,ceramic capacitor ,139,77,171,100
ceramic_cap_0_58.jpeg,243,208,ceramic capacitor ,31,80,93,132
ceramic_cap_1_14.jpeg,225,225,ceramic capacitor ,14,16,114,98
ceramic_cap_1_81.jpeg,225,225,ceramic capacitor ,100,1,213,95
ceramic_cap_1_76.jpeg,259,194,ceramic capacitor ,12,4,82,65
ceramic_cap_0_94.jpeg,225,225,ceramic capacitor ,60,78,75,93
ceramic_cap_0_94.jpeg,225,225,ceramic capacitor ,95,60,120,75
ceramic_cap_0_94.jpeg,225,225,ceramic capacitor ,143,106,163,121
ceramic_cap_0_94.jpeg,225,225,ceramic capacitor ,125,131,142,148
ceramic_cap_0_94.jpeg,225,225,ceramic capacitor ,64,109,82,126
ceramic_cap_0_88.jpeg,224,225,ceramic capacitor ,6,4,104,91
ceramic_cap_1_17.jpeg,224,225,ceramic capacitor ,116,1,224,97
ceramic_cap_1_66.jpeg,225,225,ceramic capacitor ,52,6,152,104
ceramic_cap_1_89.jpeg,240,210,ceramic capacitor ,10,14,150,110
ceramic_cap_1_97.jpeg,251,200,ceramic capacitor ,6,4,98,115
ceramic_cap_0_72.jpeg,225,225,ceramic capacitor ,54,12,165,152
ceramic_cap_1_71.jpeg,225,225,ceramic capacitor ,50,31,125,84
ceramic_cap_1_78.jpeg,251,201,ceramic capacitor ,36,21,127,104
ceramic_cap_0_78.jpeg,225,225,ceramic capacitor ,53,6,154,129
ceramic_cap_0_44.jpeg,224,224,ceramic capacitor ,83,8,210,158
ceramic_cap_0_47.jpeg,150,96,ceramic capacitor ,79,1,113,22
ceramic_cap_0_47.jpeg,150,96,ceramic capacitor ,84,23,112,45
ceramic_cap_0_47.jpeg,150,96,ceramic capacitor ,87,47,114,68
ceramic_cap_0_65.jpeg,190,190,ceramic capacitor ,75,1,157,100
ceramic_cap_0_54.jpeg,215,234,ceramic capacitor ,4,4,133,137
ceramic_cap_1_12.jpeg,204,247,ceramic capacitor ,21,51,114,119
ceramic_cap_1_0.jpeg,217,232,ceramic capacitor ,13,19,106,103
ceramic_cap_0_81.jpeg,225,225,ceramic capacitor ,9,14,115,84
ceramic_cap_1_77.jpeg,225,225,ceramic capacitor ,80,20,214,105
ceramic_cap_1_30.jpeg,176,286,ceramic capacitor ,3,11,96,101
ceramic_cap_0_70.jpeg,225,225,ceramic capacitor ,58,6,165,87
ceramic_cap_0_60.jpeg,150,150,ceramic capacitor ,96,22,150,104
ceramic_cap_1_96.jpeg,225,225,ceramic capacitor ,112,35,225,118
ceramic_cap_0_86.jpeg,224,225,ceramic capacitor ,112,1,218,96
ceramic_cap_0_53.jpeg,225,225,ceramic capacitor ,27,88,97,159
ceramic_cap_1_51.jpeg,219,230,ceramic capacitor ,5,5,106,92
ceramic_cap_0_98.jpeg,272,185,ceramic capacitor ,19,24,80,92
ceramic_cap_0_98.jpeg,272,185,ceramic capacitor ,66,75,138,122
ceramic_cap_0_59.jpeg,183,275,ceramic capacitor ,53,2,170,117
ceramic_cap_1_48.jpeg,231,218,ceramic capacitor ,112,31,168,106
ceramic_cap_0_26.jpeg,259,194,ceramic capacitor ,1,10,129,91
ceramic_cap_0_89.jpeg,204,248,ceramic capacitor ,58,4,146,112
ceramic_cap_0_66.jpeg,225,225,ceramic capacitor ,60,16,169,120
ceramic_cap_1_86.jpeg,224,224,ceramic capacitor ,109,35,214,168
ceramic_cap_0_38.jpeg,224,224,ceramic capacitor ,5,4,130,120
ceramic_cap_1_34.jpeg,263,191,ceramic capacitor ,163,17,242,93
ceramic_cap_0_51.jpeg,225,225,ceramic capacitor ,60,11,161,96
ceramic_cap_0_23.jpeg,225,225,ceramic capacitor ,122,4,225,93
ceramic_cap_0_41.jpeg,225,225,ceramic capacitor ,137,1,225,124
ceramic_cap_1_10.jpeg,225,225,ceramic capacitor ,84,3,210,87
ceramic_cap_1_85.jpeg,275,183,ceramic capacitor ,40,1,114,61
ceramic_cap_1_65.jpeg,225,225,ceramic capacitor ,13,8,127,103
ceramic_cap_0_21.jpeg,220,211,ceramic capacitor ,36,24,136,99
ceramic_cap_0_76.jpeg,225,225,ceramic capacitor ,23,41,176,165
ceramic_cap_0_37.jpeg,197,256,ceramic capacitor ,1,2,107,123
ceramic_cap_1_59.jpeg,225,225,ceramic capacitor ,29,48,87,119
ceramic_cap_1_2.jpeg,219,230,ceramic capacitor ,8,11,115,117
ceramic_cap_0_84.jpeg,225,225,ceramic capacitor ,79,72,103,90
ceramic_cap_0_84.jpeg,225,225,ceramic capacitor ,86,99,107,121
ceramic_cap_0_84.jpeg,225,225,ceramic capacitor ,101,48,132,67
ceramic_cap_0_84.jpeg,225,225,ceramic capacitor ,140,89,158,104
ceramic_cap_0_84.jpeg,225,225,ceramic capacitor ,115,97,134,109
ceramic_cap_0_84.jpeg,225,225,ceramic capacitor ,42,99,71,123
ceramic_cap_0_84.jpeg,225,225,ceramic capacitor ,100,128,125,147
ceramic_cap_0_84.jpeg,225,225,ceramic capacitor ,126,113,150,124
ceramic_cap_0_84.jpeg,225,225,ceramic capacitor ,136,131,155,148
ceramic_cap_0_43.jpeg,296,170,ceramic capacitor ,2,6,115,83
ceramic_cap_1_83.jpeg,197,256,ceramic capacitor ,3,4,102,98
ceramic_cap_1_52.jpeg,206,245,ceramic capacitor ,1,6,113,104
ceramic_cap_0_49.jpeg,225,225,ceramic capacitor ,1,6,118,104
ceramic_cap_0_77.jpeg,140,100,ceramic capacitor ,27,32,59,67
ceramic_cap_0_77.jpeg,140,100,ceramic capacitor ,62,35,81,69
ceramic_cap_0_77.jpeg,140,100,ceramic capacitor ,82,35,108,66
ceramic_cap_1_99.jpeg,201,250,ceramic capacitor ,42,51,128,128
ceramic_cap_1_26.jpeg,225,225,ceramic capacitor ,18,2,99,91
ceramic_cap_0_24.jpeg,120,120,ceramic capacitor ,45,9,109,85
ceramic_cap_1_20.jpeg,213,237,ceramic capacitor ,7,8,99,97
ceramic_cap_0_62.jpeg,225,225,ceramic capacitor ,3,25,79,91
ceramic_cap_0_62.jpeg,225,225,ceramic capacitor ,77,4,149,60
ceramic_cap_0_62.jpeg,225,225,ceramic capacitor ,153,28,215,107
ceramic_cap_1_25.jpeg,214,235,ceramic capacitor ,112,1,207,98
ceramic_cap_1_13.jpeg,242,208,ceramic capacitor ,1,1,105,89
ceramic_cap_1_32.jpeg,225,225,ceramic capacitor ,95,12,196,135
ceramic_cap_1_62.jpeg,251,201,ceramic capacitor ,43,43,129,94
ceramic_cap_0_96.jpeg,225,225,ceramic capacitor ,84,18,201,107
ceramic_cap_0_56.jpeg,225,225,ceramic capacitor ,41,28,182,142
ceramic_cap_1_84.jpeg,259,194,ceramic capacitor ,110,29,229,124
ceramic_cap_1_60.jpeg,225,225,ceramic capacitor ,81,28,161,88
ceramic_cap_1_60.jpeg,225,225,ceramic capacitor ,152,58,218,137
ceramic_cap_1_57.jpeg,225,225,ceramic capacitor ,90,13,195,121
ceramic_cap_1_8.jpeg,225,225,ceramic capacitor ,22,11,108,73
ceramic_cap_1_90.jpeg,260,194,ceramic capacitor ,114,16,238,124
ceramic_cap_1_22.jpeg,223,226,ceramic capacitor ,6,5,82,73
ceramic_cap_1_40.jpeg,187,269,ceramic capacitor ,70,37,148,112
ceramic_cap_1_67.jpeg,269,187,ceramic capacitor ,108,21,239,135
ceramic_cap_0_83.jpeg,225,225,ceramic capacitor ,1,1,130,94
ceramic_cap_1_94.jpeg,225,225,ceramic capacitor ,4,26,93,107
ceramic_cap_0_90.jpeg,183,275,ceramic capacitor ,16,6,128,109
ceramic_cap_1_61.jpeg,259,194,ceramic capacitor ,3,95,100,189
ceramic_cap_1_1.jpeg,225,225,ceramic capacitor ,1,8,98,104
ceramic_cap_1_69.jpeg,197,256,ceramic capacitor ,7,43,121,155
ceramic_cap_0_39.jpeg,225,225,ceramic capacitor ,73,38,205,145
ceramic_cap_0_63.jpeg,225,224,ceramic capacitor ,37,18,130,109
ceramic_cap_0_32.jpeg,236,213,ceramic capacitor ,108,28,217,131
ceramic_cap_1_19.jpeg,204,247,ceramic capacitor ,44,50,131,143
ceramic_cap_1_43.jpeg,225,225,ceramic capacitor ,28,46,130,115
ceramic_cap_0_99.jpeg,225,225,ceramic capacitor ,102,36,199,143
ceramic_cap_0_73.jpeg,225,225,ceramic capacitor ,33,38,109,89
ceramic_cap_0_73.jpeg,225,225,ceramic capacitor ,1,92,86,160
ceramic_cap_1_11.jpeg,205,246,ceramic capacitor ,19,32,109,123
ceramic_cap_1_68.jpeg,244,206,ceramic capacitor ,11,18,109,138
ceramic_cap_1_18.jpeg,197,256,ceramic capacitor ,12,37,141,142
ceramic_cap_0_52.jpeg,123,150,ceramic capacitor ,49,1,105,68
ceramic_cap_1_36.jpeg,205,245,ceramic capacitor ,3,1,111,109
ceramic_cap_0_35.jpeg,140,140,ceramic capacitor ,5,16,70,80
ceramic_cap_0_29.jpeg,236,214,ceramic capacitor ,5,71,171,195
ceramic_cap_0_48.jpeg,187,270,ceramic capacitor ,1,5,107,105
ceramic_cap_1_5.jpeg,225,225,ceramic capacitor ,119,25,193,96
